capturado_utc,puerto,frontera,puerto_nombre,cruce,clase,carril,estado,minutos,carriles_abiertos,hora_cbp,puerto_estado,sentido
2026-08-19T14:15:56+00:00,070801,Canadian Border,Alexandria Bay,Thousand Islands Bridge,pasajeros,general,delay,10,1,At 6:00 am EDT,Open,norte
2026-08-19T14:15:56+00:00,070801,Canadian Border,Alexandria Bay,Thousand Islands Bridge,pasajeros,sentri,Lanes Closed,,,,Open,norte
2026-08-19T14:15:56+00:00,070801,Canadian Border,Alexandria Bay,Thousand Islands Bridge,carga,general,delay,10,1,At 6:00 am EDT,Open,norte
2026-08-19T14:15:56+00:00,300401,Canadian Border,Blaine,Pacific Highway,pasajeros,general,no delay,5,1,At 6:00 am PDT,Open,norte
2026-08-19T14:15:56+00:00,300401,Canadian Border,Blaine,Pacific Highway,pasajeros,sentri,no delay,5,1,At 6:00 am PDT,Open,norte
2026-08-19T14:15:56+00:00,300401,Canadian Border,Blaine,Pacific Highway,pasajeros,ready,Lanes Closed,,,,Open,norte
2026-08-19T14:15:56+00:00,300401,Canadian Border,Blaine,Pacific Highway,carga,general,no delay,5,2,At 6:00 am PDT,Open,norte
2026-08-19T14:15:56+00:00,300401,Canadian Border,Blaine,Pacific Highway,carga,fast,Lanes Closed,,,,Open,norte
2026-08-19T14:15:56+00:00,300402,Canadian Border,Blaine,Peace Arch,pasajeros,general,no delay,5,1,At 6:00 am PDT,Open,norte
2026-08-19T14:15:56+00:00,300402,Canadian Border,Blaine,Peace Arch,pasajeros,sentri,no delay,5,1,At 6:00 am PDT,Open,norte
2026-08-19T14:15:56+00:00,300402,Canadian Border,Blaine,Peace Arch,pasajeros,ready,Lanes Closed,,,,Open,norte
2026-08-19T14:15:56+00:00,300403,Canadian Border,Blaine,Point Roberts,pasajeros,general,Update Pending,,,,Open,norte
2026-08-19T14:15:56+00:00,300403,Canadian Border,Blaine,Point Roberts,pasajeros,sentri,Update Pending,,,,Open,norte
2026-08-19T14:15:56+00:00,300403,Canadian Border,Blaine,Point Roberts,pasajeros,ready,Update Pending,,,,Open,norte
2026-08-19T14:15:56+00:00,300403,Canadian Border,Blaine,Point Roberts,peatones,general,Update Pending,,,,Open,norte
2026-08-19T14:15:56+00:00,300403,Canadian Border,Blaine,Point Roberts,peatones,ready,Update Pending,,,,Open,norte
2026-08-19T14:15:56+00:00,300403,Canadian Border,Blaine,Point Roberts,carga,general,Update Pending,,,,Open,norte
2026-08-19T14:15:56+00:00,300403,Canadian Border,Blaine,Point Roberts,carga,fast,Update Pending,,,,Open,norte
2026-08-19T14:15:56+00:00,090104,Canadian Border,Buffalo/Niagara Falls,Lewiston Bridge,pasajeros,general,no delay,0,5,At 10:00 am EDT,Open,norte
2026-08-19T14:15:56+00:00,090104,Canadian Border,Buffalo/Niagara Falls,Lewiston Bridge,pasajeros,sentri,Lanes Closed,,,,Open,norte
2026-08-19T14:15:56+00:00,090104,Canadian Border,Buffalo/Niagara Falls,Lewiston Bridge,carga,general,no delay,0,2,At 10:00 am EDT,Open,norte
2026-08-19T14:15:56+00:00,090101,Canadian Border,Buffalo/Niagara Falls,Peace Bridge,pasajeros,general,no delay,5,6,At 10:00 am EDT,Open,norte
2026-08-19T14:15:56+00:00,090101,Canadian Border,Buffalo/Niagara Falls,Peace Bridge,pasajeros,sentri,no delay,0,2,At 10:00 am EDT,Open,norte
2026-08-19T14:15:56+00:00,090101,Canadian Border,Buffalo/Niagara Falls,Peace Bridge,pasajeros,ready,Lanes Closed,,,,Open,norte
2026-08-19T14:15:56+00:00,090101,Canadian Border,Buffalo/Niagara Falls,Peace Bridge,carga,general,no delay,4,4,At 10:00 am EDT,Open,norte
2026-08-19T14:15:56+00:00,090102,Canadian Border,Buffalo/Niagara Falls,Rainbow Bridge,pasajeros,general,no delay,4,8,At 10:00 am EDT,Open,norte
2026-08-19T14:15:56+00:00,090102,Canadian Border,Buffalo/Niagara Falls,Rainbow Bridge,peatones,general,Lanes Closed,,,,Open,norte
2026-08-19T14:15:56+00:00,090103,Canadian Border,Buffalo/Niagara Falls,Whirlpool Bridge,pasajeros,general,Update Pending,,,,Open,norte
2026-08-19T14:15:56+00:00,090103,Canadian Border,Buffalo/Niagara Falls,Whirlpool Bridge,pasajeros,sentri,Update Pending,,,,Open,norte
2026-08-19T14:15:56+00:00,090103,Canadian Border,Buffalo/Niagara Falls,Whirlpool Bridge,pasajeros,ready,Update Pending,,,,Open,norte
2026-08-19T14:15:56+00:00,090103,Canadian Border,Buffalo/Niagara Falls,Whirlpool Bridge,peatones,general,Update Pending,,,,Open,norte
2026-08-19T14:15:56+00:00,090103,Canadian Border,Buffalo/Niagara Falls,Whirlpool Bridge,peatones,ready,Update Pending,,,,Open,norte
2026-08-19T14:15:56+00:00,090103,Canadian Border,Buffalo/Niagara Falls,Whirlpool Bridge,carga,general,Update Pending,,,,Open,norte
2026-08-19T14:15:56+00:00,090103,Canadian Border,Buffalo/Niagara Falls,Whirlpool Bridge,carga,fast,Update Pending,,,,Open,norte
2026-08-19T14:15:56+00:00,011501,Canadian Border,Calais,Ferry Point,pasajeros,general,no delay,0,2,At 10:00 am EDT,Open,norte
2026-08-19T14:15:56+00:00,011503,Canadian Border,Calais,International Avenue,pasajeros,general,no delay,5,2,At 9:00 am EDT,Open,norte
2026-08-19T14:15:56+00:00,011503,Canadian Border,Calais,International Avenue,carga,general,no delay,0,1,At 9:00 am EDT,Open,norte
2026-08-19T14:15:56+00:00,011502,Canadian Border,Calais,Milltown,pasajeros,general,no delay,0,1,At 9:00 am EDT,Open,norte
2026-08-19T14:15:56+00:00,071201,Canadian Border,Champlain,,pasajeros,general,no delay,5,2,At 9:00 am EDT,Open,norte
2026-08-19T14:15:56+00:00,071201,Canadian Border,Champlain,,pasajeros,sentri,no delay,0,1,At 9:00 am EDT,Open,norte
2026-08-19T14:15:56+00:00,071201,Canadian Border,Champlain,,carga,general,no delay,0,2,At 9:00 am EDT,Open,norte
2026-08-19T14:15:56+00:00,071201,Canadian Border,Champlain,,carga,fast,no delay,0,1,At 9:00 am EDT,Open,norte
2026-08-19T14:15:56+00:00,020901,Canadian Border,Derby Line,Derby Line I-91,pasajeros,general,no delay,5,1,At 8:00 am EDT,Open,norte
2026-08-19T14:15:56+00:00,020901,Canadian Border,Derby Line,Derby Line I-91,carga,general,no delay,0,1,At 8:00 am EDT,Open,norte
2026-08-19T14:15:56+00:00,380001,Canadian Border,Detroit,Ambassador Bridge,pasajeros,general,no delay,5,3,At 10:00 am EDT,Open,norte
2026-08-19T14:15:56+00:00,380001,Canadian Border,Detroit,Ambassador Bridge,pasajeros,sentri,no delay,5,2,At 10:00 am EDT,Open,norte
2026-08-19T14:15:56+00:00,380001,Canadian Border,Detroit,Ambassador Bridge,pasajeros,ready,Lanes Closed,,,,Open,norte
2026-08-19T14:15:56+00:00,380001,Canadian Border,Detroit,Ambassador Bridge,carga,general,no delay,5,6,At 10:00 am EDT,Open,norte
2026-08-19T14:15:56+00:00,380001,Canadian Border,Detroit,Ambassador Bridge,carga,fast,no delay,5,2,At 10:00 am EDT,Open,norte
2026-08-19T14:15:56+00:00,380102,Canadian Border,Detroit,Gordie Howe International Bridge,pasajeros,general,no delay,8,5,At 10:00 am EDT,Open,norte
2026-08-19T14:15:56+00:00,380102,Canadian Border,Detroit,Gordie Howe International Bridge,pasajeros,sentri,no delay,8,3,At 10:00 am EDT,Open,norte
2026-08-19T14:15:56+00:00,380102,Canadian Border,Detroit,Gordie Howe International Bridge,pasajeros,ready,Lanes Closed,,,,Open,norte
2026-08-19T14:15:56+00:00,380102,Canadian Border,Detroit,Gordie Howe International Bridge,peatones,general,no delay,0,2,At 10:00 am EDT,Open,norte
2026-08-19T14:15:56+00:00,380102,Canadian Border,Detroit,Gordie Howe International Bridge,peatones,ready,Lanes Closed,,,,Open,norte
2026-08-19T14:15:56+00:00,380102,Canadian Border,Detroit,Gordie Howe International Bridge,carga,general,no delay,0,3,At 10:00 am EDT,Open,norte
2026-08-19T14:15:56+00:00,380102,Canadian Border,Detroit,Gordie Howe International Bridge,carga,fast,no delay,0,1,At 10:00 am EDT,Open,norte
2026-08-19T14:15:56+00:00,380002,Canadian Border,Detroit,Windsor Tunnel,pasajeros,general,no delay,0,3,At 10:00 am EDT,Open,norte
2026-08-19T14:15:56+00:00,380002,Canadian Border,Detroit,Windsor Tunnel,pasajeros,sentri,no delay,0,2,At 10:00 am EDT,Open,norte
2026-08-19T14:15:56+00:00,380002,Canadian Border,Detroit,Windsor Tunnel,pasajeros,ready,Lanes Closed,,,,Open,norte
2026-08-19T14:15:56+00:00,380002,Canadian Border,Detroit,Windsor Tunnel,carga,general,no delay,0,1,At 10:00 am EDT,Open,norte
2026-08-19T14:15:56+00:00,021201,Canadian Border,Highgate Springs,,pasajeros,general,no delay,0,1,At 8:00 am EDT,Open,norte
2026-08-19T14:15:56+00:00,021201,Canadian Border,Highgate Springs,,pasajeros,sentri,no delay,0,1,At 8:00 am EDT,Open,norte
2026-08-19T14:15:56+00:00,021201,Canadian Border,Highgate Springs,,carga,general,Lanes Closed,,,,Open,norte
2026-08-19T14:15:56+00:00,010601,Canadian Border,Houlton,,pasajeros,general,no delay,0,1,At 9:00 am EDT,Open,norte
2026-08-19T14:15:56+00:00,010601,Canadian Border,Houlton,,pasajeros,sentri,Lanes Closed,,,,Open,norte
2026-08-19T14:15:56+00:00,010601,Canadian Border,Houlton,,carga,general,no delay,0,1,At 9:00 am EDT,Open,norte
2026-08-19T14:15:56+00:00,360401,Canadian Border,International Falls,,pasajeros,general,no delay,0,1,At 11:00 am CDT,Open,norte
2026-08-19T14:15:56+00:00,360401,Canadian Border,International Falls,,carga,general,no delay,0,1,At 11:00 am CDT,Open,norte
2026-08-19T14:15:56+00:00,010401,Canadian Border,Jackman,,pasajeros,general,no delay,0,1,At 10:00 am EDT,Open,norte
2026-08-19T14:15:56+00:00,010401,Canadian Border,Jackman,,carga,general,no delay,0,1,At 10:00 am EDT,Open,norte
2026-08-19T14:15:56+00:00,302301,Canadian Border,Lynden,,pasajeros,general,Update Pending,,,,Closed,norte
2026-08-19T14:15:56+00:00,302301,Canadian Border,Lynden,,pasajeros,sentri,Update Pending,,,,Closed,norte
2026-08-19T14:15:56+00:00,302301,Canadian Border,Lynden,,pasajeros,ready,Update Pending,,,,Closed,norte
2026-08-19T14:15:56+00:00,302301,Canadian Border,Lynden,,peatones,general,Update Pending,,,,Closed,norte
2026-08-19T14:15:56+00:00,302301,Canadian Border,Lynden,,peatones,ready,Update Pending,,,,Closed,norte
2026-08-19T14:15:56+00:00,302301,Canadian Border,Lynden,,carga,general,Update Pending,,,,Closed,norte
2026-08-19T14:15:56+00:00,302301,Canadian Border,Lynden,,carga,fast,Update Pending,,,,Closed,norte
2026-08-19T14:15:56+00:00,L01901,Canadian Border,Madawaska,,pasajeros,general,no delay,0,1,At 9:00 am EDT,Open,norte
2026-08-19T14:15:56+00:00,L01901,Canadian Border,Madawaska,,carga,general,no delay,0,1,At 9:00 am EDT,Open,norte
2026-08-19T14:15:56+00:00,070401,Canadian Border,Massena,,pasajeros,general,no delay,0,4,At 10:00 am EDT,Open,norte
2026-08-19T14:15:56+00:00,070401,Canadian Border,Massena,,carga,general,no delay,0,1,At 10:00 am EDT,Open,norte
2026-08-19T14:15:56+00:00,021101,Canadian Border,Norton,,pasajeros,general,no delay,0,1,At 8:00 am EDT,Open,norte
2026-08-19T14:15:56+00:00,021101,Canadian Border,Norton,,carga,general,no delay,0,1,At 8:00 am EDT,Open,norte
2026-08-19T14:15:56+00:00,070101,Canadian Border,Ogdensburg,,pasajeros,general,no delay,0,2,At 1:00 pm EDT,Open,norte
2026-08-19T14:15:56+00:00,070101,Canadian Border,Ogdensburg,,carga,general,no delay,0,1,At 1:00 pm EDT,Open,norte
2026-08-19T14:15:56+00:00,340101,Canadian Border,Pembina,,pasajeros,general,no delay,2,1,At 7:00 am CDT,Open,norte
2026-08-19T14:15:56+00:00,340101,Canadian Border,Pembina,,pasajeros,sentri,Lanes Closed,,,,Open,norte
2026-08-19T14:15:56+00:00,340101,Canadian Border,Pembina,,carga,general,no delay,4,1,At 7:00 am CDT,Open,norte
2026-08-19T14:15:56+00:00,380201,Canadian Border,Port Huron,Bluewater Bridge,pasajeros,general,no delay,4,2,At 9:00 am EST,Open,norte
2026-08-19T14:15:56+00:00,380201,Canadian Border,Port Huron,Bluewater Bridge,pasajeros,sentri,no delay,0,1,At 9:00 am EST,Open,norte
2026-08-19T14:15:56+00:00,380201,Canadian Border,Port Huron,Bluewater Bridge,carga,general,no delay,6,5,At 9:00 am EST,Open,norte
2026-08-19T14:15:56+00:00,380201,Canadian Border,Port Huron,Bluewater Bridge,carga,fast,no delay,1,1,At 9:00 am EST,Open,norte
2026-08-19T14:15:56+00:00,380301,Canadian Border,Sault Ste. Marie,International Bridge - SSM,pasajeros,general,no delay,0,2,At 10:00 am EDT,Open,norte
2026-08-19T14:15:56+00:00,380301,Canadian Border,Sault Ste. Marie,International Bridge - SSM,pasajeros,sentri,Lanes Closed,,,,Open,norte
2026-08-19T14:15:56+00:00,380301,Canadian Border,Sault Ste. Marie,International Bridge - SSM,carga,general,no delay,0,1,At 10:00 am EDT,Open,norte
2026-08-19T14:15:56+00:00,300901,Canadian Border,Sumas,,pasajeros,general,no delay,0,1,At 6:00 am PDT,Open,norte
2026-08-19T14:15:56+00:00,300901,Canadian Border,Sumas,,pasajeros,sentri,Lanes Closed,,,,Open,norte
2026-08-19T14:15:56+00:00,300901,Canadian Border,Sumas,,pasajeros,ready,Lanes Closed,,,,Open,norte
2026-08-19T14:15:56+00:00,300901,Canadian Border,Sumas,,carga,general,no delay,0,1,At 6:00 am PDT,Open,norte
2026-08-19T14:15:56+00:00,331001,Canadian Border,Sweetgrass,,pasajeros,general,no delay,5,1,At 8:00 am MDT,Open,norte
2026-08-19T14:15:56+00:00,331001,Canadian Border,Sweetgrass,,carga,general,delay,15,1,At 8:00 am MDT,Open,norte
2026-08-19T14:15:56+00:00,250201,Mexican Border,Andrade,,pasajeros,general,delay,20,2,At 6:00 am PDT,Open,norte
2026-08-19T14:15:56+00:00,250201,Mexican Border,Andrade,,peatones,general,no delay,0,2,At 6:00 am PDT,Open,norte
2026-08-19T14:15:56+00:00,250201,Mexican Border,Andrade,,carga,general,Lanes Closed,,,,Open,norte
2026-08-19T14:15:56+00:00,230106,Mexican Border,B&M Bridge,B&M Bridge,pasajeros,general,Update Pending,,,,Open,norte
2026-08-19T14:15:56+00:00,230106,Mexican Border,B&M Bridge,B&M Bridge,pasajeros,sentri,Update Pending,,,,Open,norte
2026-08-19T14:15:56+00:00,230106,Mexican Border,B&M Bridge,B&M Bridge,pasajeros,ready,Update Pending,,,,Open,norte
2026-08-19T14:15:56+00:00,230106,Mexican Border,B&M Bridge,B&M Bridge,peatones,general,Update Pending,,,,Open,norte
2026-08-19T14:15:56+00:00,230106,Mexican Border,B&M Bridge,B&M Bridge,peatones,ready,Update Pending,,,,Open,norte
2026-08-19T14:15:56+00:00,230106,Mexican Border,B&M Bridge,B&M Bridge,carga,general,Update Pending,,,,Open,norte
2026-08-19T14:15:56+00:00,230106,Mexican Border,B&M Bridge,B&M Bridge,carga,fast,Update Pending,,,,Open,norte
2026-08-19T14:15:56+00:00,240215,Mexican Border,BOTA CARGO FACILITY,BRIDGE OF AMERICAS CARGO FACILITY,pasajeros,general,Update Pending,,,,Open,norte
2026-08-19T14:15:56+00:00,240215,Mexican Border,BOTA CARGO FACILITY,BRIDGE OF AMERICAS CARGO FACILITY,pasajeros,sentri,Update Pending,,,,Open,norte
2026-08-19T14:15:56+00:00,240215,Mexican Border,BOTA CARGO FACILITY,BRIDGE OF AMERICAS CARGO FACILITY,pasajeros,ready,Update Pending,,,,Open,norte
2026-08-19T14:15:56+00:00,240215,Mexican Border,BOTA CARGO FACILITY,BRIDGE OF AMERICAS CARGO FACILITY,peatones,general,Update Pending,,,,Open,norte
2026-08-19T14:15:56+00:00,240215,Mexican Border,BOTA CARGO FACILITY,BRIDGE OF AMERICAS CARGO FACILITY,peatones,ready,Update Pending,,,,Open,norte
2026-08-19T14:15:56+00:00,240215,Mexican Border,BOTA CARGO FACILITY,BRIDGE OF AMERICAS CARGO FACILITY,carga,general,Update Pending,,,,Open,norte
2026-08-19T14:15:56+00:00,240215,Mexican Border,BOTA CARGO FACILITY,BRIDGE OF AMERICAS CARGO FACILITY,carga,fast,Update Pending,,,,Open,norte
2026-08-19T14:15:56+00:00,240207,Mexican Border,Bridge of the Americas Port of Entry,,pasajeros,general,Update Pending,,,,Open,norte
2026-08-19T14:15:56+00:00,240207,Mexican Border,Bridge of the Americas Port of Entry,,pasajeros,sentri,Update Pending,,,,Open,norte
2026-08-19T14:15:56+00:00,240207,Mexican Border,Bridge of the Americas Port of Entry,,pasajeros,ready,Update Pending,,,,Open,norte
2026-08-19T14:15:56+00:00,240207,Mexican Border,Bridge of the Americas Port of Entry,,peatones,general,Update Pending,,,,Open,norte
2026-08-19T14:15:56+00:00,240207,Mexican Border,Bridge of the Americas Port of Entry,,peatones,ready,Update Pending,,,,Open,norte
2026-08-19T14:15:56+00:00,240207,Mexican Border,Bridge of the Americas Port of Entry,,carga,general,Update Pending,,,,Open,norte
2026-08-19T14:15:56+00:00,240207,Mexican Border,Bridge of the Americas Port of Entry,,carga,fast,Update Pending,,,,Open,norte
2026-08-19T14:15:56+00:00,535501,Mexican Border,Brownsville,B&M,pasajeros,general,no delay,5,1,At 9:00 am CDT,Open,norte
2026-08-19T14:15:56+00:00,535501,Mexican Border,Brownsville,B&M,pasajeros,ready,no delay,5,3,At 9:00 am CDT,Open,norte
2026-08-19T14:15:56+00:00,535501,Mexican Border,Brownsville,B&M,peatones,general,no delay,0,2,At 9:00 am CDT,Open,norte
2026-08-19T14:15:56+00:00,535504,Mexican Border,Brownsville,Gateway,pasajeros,general,no delay,5,1,At 9:00 am CDT,Open,norte
2026-08-19T14:15:56+00:00,535504,Mexican Border,Brownsville,Gateway,pasajeros,ready,no delay,5,3,At 9:00 am CDT,Open,norte
2026-08-19T14:15:56+00:00,535504,Mexican Border,Brownsville,Gateway,peatones,general,no delay,0,3,At 9:00 am CDT,Open,norte
2026-08-19T14:15:56+00:00,535504,Mexican Border,Brownsville,Gateway,peatones,ready,Lanes Closed,,,,Open,norte
2026-08-19T14:15:56+00:00,535503,Mexican Border,Brownsville,Los Indios,pasajeros,general,no delay,0,2,At 9:00 am CDT,Open,norte
2026-08-19T14:15:56+00:00,535503,Mexican Border,Brownsville,Los Indios,pasajeros,ready,Lanes Closed,,,,Open,norte
2026-08-19T14:15:56+00:00,535503,Mexican Border,Brownsville,Los Indios,carga,general,no delay,0,1,At 9:00 am CDT,Open,norte
2026-08-19T14:15:56+00:00,535503,Mexican Border,Brownsville,Los Indios,carga,fast,Lanes Closed,,,,Open,norte
2026-08-19T14:15:56+00:00,535502,Mexican Border,Brownsville,Veterans International,pasajeros,general,delay,30,1,At 9:00 am CDT,Open,norte
2026-08-19T14:15:56+00:00,535502,Mexican Border,Brownsville,Veterans International,pasajeros,sentri,no delay,0,2,At 9:00 am CDT,Open,norte
2026-08-19T14:15:56+00:00,535502,Mexican Border,Brownsville,Veterans International,pasajeros,ready,delay,30,2,At 9:00 am CDT,Open,norte
2026-08-19T14:15:56+00:00,535502,Mexican Border,Brownsville,Veterans International,peatones,general,no delay,0,1,At 9:00 am CDT,Open,norte
2026-08-19T14:15:56+00:00,535502,Mexican Border,Brownsville,Veterans International,carga,general,delay,30,2,At 9:00 am CDT,Open,norte
2026-08-19T14:15:56+00:00,535502,Mexican Border,Brownsville,Veterans International,carga,fast,Lanes Closed,,,,Open,norte
2026-08-19T14:15:56+00:00,250301,Mexican Border,Calexico,East,pasajeros,general,Lanes Closed,,,,Open,norte
2026-08-19T14:15:56+00:00,250301,Mexican Border,Calexico,East,pasajeros,sentri,Lanes Closed,,,,Open,norte
2026-08-19T14:15:56+00:00,250301,Mexican Border,Calexico,East,pasajeros,ready,Lanes Closed,,,,Open,norte
2026-08-19T14:15:56+00:00,250301,Mexican Border,Calexico,East,peatones,general,Lanes Closed,,,,Open,norte
2026-08-19T14:15:56+00:00,250301,Mexican Border,Calexico,East,carga,general,Lanes Closed,,,,Open,norte
2026-08-19T14:15:56+00:00,250301,Mexican Border,Calexico,East,carga,fast,Lanes Closed,,,,Open,norte
2026-08-19T14:15:56+00:00,250302,Mexican Border,Calexico,West,pasajeros,general,delay,60,4,At 7:00 am PDT,Open,norte
2026-08-19T14:15:56+00:00,250302,Mexican Border,Calexico,West,pasajeros,sentri,delay,25,5,At 7:00 am PDT,Open,norte
2026-08-19T14:15:56+00:00,250302,Mexican Border,Calexico,West,pasajeros,ready,delay,60,4,At 7:00 am PDT,Open,norte
2026-08-19T14:15:56+00:00,250302,Mexican Border,Calexico,West,peatones,general,delay,30,3,At 7:00 am PDT,Open,norte
2026-08-19T14:15:56+00:00,250302,Mexican Border,Calexico,West,peatones,ready,delay,30,3,At 7:00 am PDT,Open,norte
2026-08-19T14:15:56+00:00,240601,Mexican Border,Columbus,,pasajeros,general,no delay,6,1,At 7:00 am MDT,Open,norte
2026-08-19T14:15:56+00:00,240601,Mexican Border,Columbus,,pasajeros,ready,Lanes Closed,,,,Open,norte
2026-08-19T14:15:56+00:00,240601,Mexican Border,Columbus,,peatones,general,delay,10,4,At 7:00 am MDT,Open,norte
2026-08-19T14:15:56+00:00,240601,Mexican Border,Columbus,,carga,general,Lanes Closed,,,,Open,norte
2026-08-19T14:15:56+00:00,230201,Mexican Border,Del Rio,,pasajeros,general,delay,50,1,At 9:00 am CDT,Open,norte
2026-08-19T14:15:56+00:00,230201,Mexican Border,Del Rio,,pasajeros,sentri,no delay,0,1,At 9:00 am CDT,Open,norte
2026-08-19T14:15:56+00:00,230201,Mexican Border,Del Rio,,pasajeros,ready,delay,50,2,At 9:00 am CDT,Open,norte
2026-08-19T14:15:56+00:00,230201,Mexican Border,Del Rio,,carga,general,no delay,0,1,At 9:00 am CDT,Open,norte
2026-08-19T14:15:56+00:00,260101,Mexican Border,Douglas (Raul Hector Castro),,pasajeros,general,delay,50,2,At 7:00 am PST,Open,norte
2026-08-19T14:15:56+00:00,260101,Mexican Border,Douglas (Raul Hector Castro),,pasajeros,sentri,delay,10,1,At 7:00 am PST,Open,norte
2026-08-19T14:15:56+00:00,260101,Mexican Border,Douglas (Raul Hector Castro),,pasajeros,ready,Lanes Closed,,,,Open,norte
2026-08-19T14:15:56+00:00,260101,Mexican Border,Douglas (Raul Hector Castro),,peatones,general,delay,20,2,At 7:00 am PST,Open,norte
2026-08-19T14:15:56+00:00,260101,Mexican Border,Douglas (Raul Hector Castro),,peatones,ready,Lanes Closed,,,,Open,norte
2026-08-19T14:15:56+00:00,260101,Mexican Border,Douglas (Raul Hector Castro),,carga,general,Lanes Closed,,,,Open,norte
2026-08-19T14:15:56+00:00,230301,Mexican Border,Eagle Pass,Bridge I,pasajeros,general,delay,20,2,At 9:00 am CDT,Open,norte
2026-08-19T14:15:56+00:00,230301,Mexican Border,Eagle Pass,Bridge I,pasajeros,ready,Lanes Closed,,,,Open,norte
2026-08-19T14:15:56+00:00,230302,Mexican Border,Eagle Pass,Bridge II,pasajeros,general,delay,10,4,At 9:00 am CDT,Open,norte
2026-08-19T14:15:56+00:00,230302,Mexican Border,Eagle Pass,Bridge II,pasajeros,sentri,no delay,5,1,At 9:00 am CDT,Open,norte
2026-08-19T14:15:56+00:00,230302,Mexican Border,Eagle Pass,Bridge II,pasajeros,ready,Lanes Closed,,,,Open,norte
2026-08-19T14:15:56+00:00,230302,Mexican Border,Eagle Pass,Bridge II,carga,general,Lanes Closed,,,,Open,norte
2026-08-19T14:15:56+00:00,230302,Mexican Border,Eagle Pass,Bridge II,carga,fast,Lanes Closed,,,,Open,norte
2026-08-19T14:15:56+00:00,240221,Mexican Border,El Paso,,pasajeros,general,Update Pending,,,,Open,norte
2026-08-19T14:15:56+00:00,240221,Mexican Border,El Paso,,pasajeros,sentri,Update Pending,,,,Open,norte
2026-08-19T14:15:56+00:00,240221,Mexican Border,El Paso,,pasajeros,ready,Update Pending,,,,Open,norte
2026-08-19T14:15:56+00:00,240221,Mexican Border,El Paso,,peatones,general,Update Pending,,,,Open,norte
2026-08-19T14:15:56+00:00,240221,Mexican Border,El Paso,,peatones,ready,Update Pending,,,,Open,norte
2026-08-19T14:15:56+00:00,240221,Mexican Border,El Paso,,carga,general,Update Pending,,,,Open,norte
2026-08-19T14:15:56+00:00,240221,Mexican Border,El Paso,,carga,fast,Update Pending,,,,Open,norte
2026-08-19T14:15:56+00:00,240201,Mexican Border,El Paso,Bridge of the Americas (BOTA),pasajeros,general,delay,55,3,At 7:00 am MDT,Open,norte
2026-08-19T14:15:56+00:00,240201,Mexican Border,El Paso,Bridge of the Americas (BOTA),pasajeros,ready,delay,50,7,At 7:00 am MDT,Open,norte
2026-08-19T14:15:56+00:00,240201,Mexican Border,El Paso,Bridge of the Americas (BOTA),peatones,general,delay,20,4,At 7:00 am MDT,Open,norte
2026-08-19T14:15:56+00:00,240201,Mexican Border,El Paso,Bridge of the Americas (BOTA),peatones,ready,Lanes Closed,,,,Open,norte
2026-08-19T14:15:56+00:00,240201,Mexican Border,El Paso,Bridge of the Americas (BOTA),carga,general,no delay,2,2,At 7:00 am MDT,Open,norte
2026-08-19T14:15:56+00:00,240201,Mexican Border,El Paso,Bridge of the Americas (BOTA),carga,fast,no delay,2,2,At 7:00 am MDT,Open,norte
2026-08-19T14:15:56+00:00,240202,Mexican Border,El Paso,Paso Del Norte (PDN),pasajeros,general,delay,70,1,At 8:00 am MDT,Open,norte
2026-08-19T14:15:56+00:00,240202,Mexican Border,El Paso,Paso Del Norte (PDN),pasajeros,sentri,delay,10,4,At 8:00 am MDT,Open,norte
2026-08-19T14:15:56+00:00,240202,Mexican Border,El Paso,Paso Del Norte (PDN),pasajeros,ready,delay,68,2,At 8:00 am MDT,Open,norte
2026-08-19T14:15:56+00:00,240202,Mexican Border,El Paso,Paso Del Norte (PDN),peatones,general,delay,25,5,At 8:00 am MDT,Open,norte
2026-08-19T14:15:56+00:00,240202,Mexican Border,El Paso,Paso Del Norte (PDN),peatones,ready,delay,15,6,At 8:00 am MDT,Open,norte
2026-08-19T14:15:56+00:00,240204,Mexican Border,El Paso,Stanton DCL,pasajeros,general,Lanes Closed,,,,Open,norte
2026-08-19T14:15:56+00:00,240204,Mexican Border,El Paso,Stanton DCL,pasajeros,sentri,delay,25,3,At 8:00 am MDT,Open,norte
2026-08-19T14:15:56+00:00,240203,Mexican Border,El Paso,Ysleta,pasajeros,general,Lanes Closed,,,,Open,norte
2026-08-19T14:15:56+00:00,240203,Mexican Border,El Paso,Ysleta,pasajeros,sentri,no delay,5,4,At 7:00 am MDT,Open,norte
2026-08-19T14:15:56+00:00,240203,Mexican Border,El Paso,Ysleta,pasajeros,ready,delay,75,3,At 7:00 am MDT,Open,norte
2026-08-19T14:15:56+00:00,240203,Mexican Border,El Paso,Ysleta,peatones,general,delay,30,4,At 7:00 am MDT,Open,norte
2026-08-19T14:15:56+00:00,240203,Mexican Border,El Paso,Ysleta,carga,general,delay,55,4,At 7:00 am MDT,Open,norte
2026-08-19T14:15:56+00:00,240203,Mexican Border,El Paso,Ysleta,carga,fast,delay,45,3,At 7:00 am MDT,Open,norte
2026-08-19T14:15:56+00:00,l24501,Mexican Border,Fort Hancock,Fort Hancock,pasajeros,general,no delay,5,1,At 9:00 am MDT,Open,norte
2026-08-19T14:15:56+00:00,l24501,Mexican Border,Fort Hancock,Fort Hancock,pasajeros,sentri,Lanes Closed,,,,Open,norte
2026-08-19T14:15:56+00:00,l24501,Mexican Border,Fort Hancock,Fort Hancock,pasajeros,ready,Lanes Closed,,,,Open,norte
2026-08-19T14:15:56+00:00,l24501,Mexican Border,Fort Hancock,Fort Hancock,peatones,general,no delay,0,1,At 9:00 am MDT,Open,norte
2026-08-19T14:15:56+00:00,l24501,Mexican Border,Fort Hancock,Fort Hancock,peatones,ready,Lanes Closed,,,,Open,norte
2026-08-19T14:15:56+00:00,230103,Mexican Border,Gateway,,pasajeros,general,Update Pending,,,,Open,norte
2026-08-19T14:15:56+00:00,230103,Mexican Border,Gateway,,pasajeros,sentri,Update Pending,,,,Open,norte
2026-08-19T14:15:56+00:00,230103,Mexican Border,Gateway,,pasajeros,ready,Update Pending,,,,Open,norte
2026-08-19T14:15:56+00:00,230103,Mexican Border,Gateway,,peatones,general,Update Pending,,,,Open,norte
2026-08-19T14:15:56+00:00,230103,Mexican Border,Gateway,,peatones,ready,Update Pending,,,,Open,norte
2026-08-19T14:15:56+00:00,230103,Mexican Border,Gateway,,carga,general,Update Pending,,,,Open,norte
2026-08-19T14:15:56+00:00,230103,Mexican Border,Gateway,,carga,fast,Update Pending,,,,Open,norte
2026-08-19T14:15:56+00:00,230503,Mexican Border,Hidalgo/Pharr,Anzalduas International Bridge,pasajeros,general,delay,50,2,At 9:00 am CDT,Open,norte
2026-08-19T14:15:56+00:00,230503,Mexican Border,Hidalgo/Pharr,Anzalduas International Bridge,pasajeros,sentri,Lanes Closed,,,,Open,norte
2026-08-19T14:15:56+00:00,230503,Mexican Border,Hidalgo/Pharr,Anzalduas International Bridge,pasajeros,ready,delay,45,3,At 9:00 am CDT,Open,norte
2026-08-19T14:15:56+00:00,230501,Mexican Border,Hidalgo/Pharr,Hidalgo,pasajeros,general,delay,40,2,At 9:00 am CDT,Open,norte
2026-08-19T14:15:56+00:00,230501,Mexican Border,Hidalgo/Pharr,Hidalgo,pasajeros,sentri,no delay,5,2,At 9:00 am CDT,Open,norte
2026-08-19T14:15:56+00:00,230501,Mexican Border,Hidalgo/Pharr,Hidalgo,pasajeros,ready,delay,35,2,At 9:00 am CDT,Open,norte
2026-08-19T14:15:56+00:00,230501,Mexican Border,Hidalgo/Pharr,Hidalgo,peatones,general,delay,10,6,At 9:00 am CDT,Open,norte
2026-08-19T14:15:56+00:00,230502,Mexican Border,Hidalgo/Pharr,Pharr,pasajeros,general,Lanes Closed,,,,Open,norte
2026-08-19T14:15:56+00:00,230502,Mexican Border,Hidalgo/Pharr,Pharr,pasajeros,sentri,Lanes Closed,,,,Open,norte
2026-08-19T14:15:56+00:00,230502,Mexican Border,Hidalgo/Pharr,Pharr,pasajeros,ready,Lanes Closed,,,,Open,norte
2026-08-19T14:15:56+00:00,230502,Mexican Border,Hidalgo/Pharr,Pharr,carga,general,delay,30,5,At 9:00 am CDT,Open,norte
2026-08-19T14:15:56+00:00,230502,Mexican Border,Hidalgo/Pharr,Pharr,carga,fast,delay,25,1,At 9:00 am CDT,Open,norte
2026-08-19T14:15:56+00:00,230401,Mexican Border,Laredo,Bridge I,pasajeros,general,Lanes Closed,,,,Open,norte
2026-08-19T14:15:56+00:00,230401,Mexican Border,Laredo,Bridge I,pasajeros,sentri,delay,25,4,At 7:00 am CDT,Open,norte
2026-08-19T14:15:56+00:00,230401,Mexican Border,Laredo,Bridge I,pasajeros,ready,Lanes Closed,,,,Open,norte
2026-08-19T14:15:56+00:00,230401,Mexican Border,Laredo,Bridge I,peatones,general,no delay,5,3,At 7:00 am CDT,Open,norte
2026-08-19T14:15:56+00:00,230401,Mexican Border,Laredo,Bridge I,peatones,ready,no delay,5,4,At 7:00 am CDT,Open,norte
2026-08-19T14:15:56+00:00,230402,Mexican Border,Laredo,Bridge II,pasajeros,general,delay,60,6,At 7:00 am CDT,Open,norte
2026-08-19T14:15:56+00:00,230402,Mexican Border,Laredo,Bridge II,pasajeros,ready,delay,55,6,At 7:00 am CDT,Open,norte
2026-08-19T14:15:56+00:00,230403,Mexican Border,Laredo,Colombia Solidarity,pasajeros,general,Lanes Closed,,,,Open,norte
2026-08-19T14:15:56+00:00,230403,Mexican Border,Laredo,Colombia Solidarity,pasajeros,sentri,Lanes Closed,,,,Open,norte
2026-08-19T14:15:56+00:00,230403,Mexican Border,Laredo,Colombia Solidarity,pasajeros,ready,Lanes Closed,,,,Open,norte
2026-08-19T14:15:56+00:00,230403,Mexican Border,Laredo,Colombia Solidarity,carga,general,Lanes Closed,,,,Open,norte
2026-08-19T14:15:56+00:00,230403,Mexican Border,Laredo,Colombia Solidarity,carga,fast,Lanes Closed,,,,Open,norte
2026-08-19T14:15:56+00:00,230404,Mexican Border,Laredo,World Trade Bridge,carga,general,no delay,0,4,At 7:00 am CDT,Open,norte
2026-08-19T14:15:56+00:00,230404,Mexican Border,Laredo,World Trade Bridge,carga,fast,no delay,0,2,At 7:00 am CDT,Open,norte
2026-08-19T14:15:56+00:00,260201,Mexican Border,Lukeville,,pasajeros,general,no delay,0,1,At 7:00 am MST,Open,norte
2026-08-19T14:15:56+00:00,260201,Mexican Border,Lukeville,,pasajeros,ready,no delay,0,1,At 7:00 am MST,Open,norte
2026-08-19T14:15:56+00:00,260201,Mexican Border,Lukeville,,carga,general,Lanes Closed,,,,Open,norte
2026-08-19T14:15:56+00:00,240401,Mexican Border,Marcelino Serna,Tornillo,pasajeros,general,delay,25,2,At 8:00 am MDT,Open,norte
2026-08-19T14:15:56+00:00,240401,Mexican Border,Marcelino Serna,Tornillo,pasajeros,sentri,Lanes Closed,,,,Open,norte
2026-08-19T14:15:56+00:00,240401,Mexican Border,Marcelino Serna,Tornillo,pasajeros,ready,Lanes Closed,,,,Open,norte
2026-08-19T14:15:56+00:00,240401,Mexican Border,Marcelino Serna,Tornillo,peatones,general,no delay,0,2,At 8:00 am MDT,Open,norte
2026-08-19T14:15:56+00:00,240401,Mexican Border,Marcelino Serna,Tornillo,peatones,ready,Lanes Closed,,,,Open,norte
2026-08-19T14:15:56+00:00,240401,Mexican Border,Marcelino Serna,Tornillo,carga,general,no delay,5,1,At 8:00 am MDT,Open,norte
2026-08-19T14:15:56+00:00,240401,Mexican Border,Marcelino Serna,Tornillo,carga,fast,Lanes Closed,,,,Open,norte
2026-08-19T14:15:56+00:00,260305,Mexican Border,Naco,,pasajeros,general,Update Pending,,,,Open,norte
2026-08-19T14:15:56+00:00,260305,Mexican Border,Naco,,pasajeros,sentri,Update Pending,,,,Open,norte
2026-08-19T14:15:56+00:00,260305,Mexican Border,Naco,,pasajeros,ready,Update Pending,,,,Open,norte
2026-08-19T14:15:56+00:00,260305,Mexican Border,Naco,,peatones,general,Update Pending,,,,Open,norte
2026-08-19T14:15:56+00:00,260305,Mexican Border,Naco,,peatones,ready,Update Pending,,,,Open,norte
2026-08-19T14:15:56+00:00,260305,Mexican Border,Naco,,carga,general,Update Pending,,,,Open,norte
2026-08-19T14:15:56+00:00,260305,Mexican Border,Naco,,carga,fast,Update Pending,,,,Open,norte
2026-08-19T14:15:56+00:00,260301,Mexican Border,Naco,,pasajeros,general,delay,25,2,At 7:00 am PST,Open,norte
2026-08-19T14:15:56+00:00,260301,Mexican Border,Naco,,peatones,general,no delay,5,1,At 7:00 am PST,Open,norte
2026-08-19T14:15:56+00:00,260301,Mexican Border,Naco,,carga,general,Lanes Closed,,,,Open,norte
2026-08-19T14:15:56+00:00,260401,Mexican Border,Nogales,Deconcini,pasajeros,general,delay,90,3,At 7:00 am MST,Open,norte
2026-08-19T14:15:56+00:00,260401,Mexican Border,Nogales,Deconcini,pasajeros,sentri,delay,45,2,At 7:00 am MST,Open,norte
2026-08-19T14:15:56+00:00,260401,Mexican Border,Nogales,Deconcini,peatones,general,delay,40,3,At 7:00 am MST,Open,norte
2026-08-19T14:15:56+00:00,260402,Mexican Border,Nogales,Mariposa,pasajeros,general,delay,40,5,At 7:00 am MST,Open,norte
2026-08-19T14:15:56+00:00,260402,Mexican Border,Nogales,Mariposa,peatones,general,delay,20,2,At 7:00 am MST,Open,norte
2026-08-19T14:15:56+00:00,260402,Mexican Border,Nogales,Mariposa,carga,general,Lanes Closed,,,,Open,norte
2026-08-19T14:15:56+00:00,260402,Mexican Border,Nogales,Mariposa,carga,fast,Lanes Closed,,,,Open,norte
2026-08-19T14:15:56+00:00,260403,Mexican Border,Nogales,Morley Gate,pasajeros,general,Update Pending,,,,Closed,norte
2026-08-19T14:15:56+00:00,260403,Mexican Border,Nogales,Morley Gate,pasajeros,sentri,Update Pending,,,,Closed,norte
2026-08-19T14:15:56+00:00,260403,Mexican Border,Nogales,Morley Gate,pasajeros,ready,Update Pending,,,,Closed,norte
2026-08-19T14:15:56+00:00,260403,Mexican Border,Nogales,Morley Gate,peatones,general,Update Pending,,,,Closed,norte
2026-08-19T14:15:56+00:00,260403,Mexican Border,Nogales,Morley Gate,peatones,ready,Update Pending,,,,Closed,norte
2026-08-19T14:15:56+00:00,260403,Mexican Border,Nogales,Morley Gate,carga,general,Update Pending,,,,Closed,norte
2026-08-19T14:15:56+00:00,260403,Mexican Border,Nogales,Morley Gate,carga,fast,Update Pending,,,,Closed,norte
2026-08-19T14:15:56+00:00,250609,Mexican Border,Otay Mesa,,pasajeros,general,Update Pending,,,,Open,norte
2026-08-19T14:15:56+00:00,250609,Mexican Border,Otay Mesa,,pasajeros,sentri,Update Pending,,,,Open,norte
2026-08-19T14:15:56+00:00,250609,Mexican Border,Otay Mesa,,pasajeros,ready,Update Pending,,,,Open,norte
2026-08-19T14:15:56+00:00,250609,Mexican Border,Otay Mesa,,peatones,general,Update Pending,,,,Open,norte
2026-08-19T14:15:56+00:00,250609,Mexican Border,Otay Mesa,,peatones,ready,Update Pending,,,,Open,norte
2026-08-19T14:15:56+00:00,250609,Mexican Border,Otay Mesa,,carga,general,Update Pending,,,,Open,norte
2026-08-19T14:15:56+00:00,250609,Mexican Border,Otay Mesa,,carga,fast,Update Pending,,,,Open,norte
2026-08-19T14:15:56+00:00,250602,Mexican Border,Otay Mesa,Commercial,carga,general,delay,30,6,At 6:00 am PDT,Open,norte
2026-08-19T14:15:56+00:00,250602,Mexican Border,Otay Mesa,Commercial,carga,fast,delay,20,4,At 6:00 am PDT,Open,norte
2026-08-19T14:15:56+00:00,250601,Mexican Border,Otay Mesa,Passenger,pasajeros,general,delay,100,2,At 7:00 am PDT,Open,norte
2026-08-19T14:15:56+00:00,250601,Mexican Border,Otay Mesa,Passenger,pasajeros,sentri,delay,25,3,At 7:00 am PDT,Open,norte
2026-08-19T14:15:56+00:00,250601,Mexican Border,Otay Mesa,Passenger,pasajeros,ready,delay,90,5,At 7:00 am PDT,Open,norte
2026-08-19T14:15:56+00:00,250601,Mexican Border,Otay Mesa,Passenger,peatones,general,delay,40,6,At 7:00 am PDT,Open,norte
2026-08-19T14:15:56+00:00,250608,Mexican Border,Otay Mesa Port of Entry,,pasajeros,general,Update Pending,,,,Open,norte
2026-08-19T14:15:56+00:00,250608,Mexican Border,Otay Mesa Port of Entry,,pasajeros,sentri,Update Pending,,,,Open,norte
2026-08-19T14:15:56+00:00,250608,Mexican Border,Otay Mesa Port of Entry,,pasajeros,ready,Update Pending,,,,Open,norte
2026-08-19T14:15:56+00:00,250608,Mexican Border,Otay Mesa Port of Entry,,peatones,general,Update Pending,,,,Open,norte
2026-08-19T14:15:56+00:00,250608,Mexican Border,Otay Mesa Port of Entry,,peatones,ready,Update Pending,,,,Open,norte
2026-08-19T14:15:56+00:00,250608,Mexican Border,Otay Mesa Port of Entry,,carga,general,Update Pending,,,,Open,norte
2026-08-19T14:15:56+00:00,250608,Mexican Border,Otay Mesa Port of Entry,,carga,fast,Update Pending,,,,Open,norte
2026-08-19T14:15:56+00:00,202401,Mexican Border,Paso Del Norte,,pasajeros,general,Update Pending,,,,Open,norte
2026-08-19T14:15:56+00:00,202401,Mexican Border,Paso Del Norte,,pasajeros,sentri,Update Pending,,,,Open,norte
2026-08-19T14:15:56+00:00,202401,Mexican Border,Paso Del Norte,,pasajeros,ready,Update Pending,,,,Open,norte
2026-08-19T14:15:56+00:00,202401,Mexican Border,Paso Del Norte,,peatones,general,Update Pending,,,,Open,norte
2026-08-19T14:15:56+00:00,202401,Mexican Border,Paso Del Norte,,peatones,ready,Update Pending,,,,Open,norte
2026-08-19T14:15:56+00:00,202401,Mexican Border,Paso Del Norte,,carga,general,Update Pending,,,,Open,norte
2026-08-19T14:15:56+00:00,202401,Mexican Border,Paso Del Norte,,carga,fast,Update Pending,,,,Open,norte
2026-08-19T14:15:56+00:00,240301,Mexican Border,Presidio,PRESIDIO PORT OF ENTRY,pasajeros,general,delay,15,2,At 9:00 am CDT,Open,norte
2026-08-19T14:15:56+00:00,240301,Mexican Border,Presidio,PRESIDIO PORT OF ENTRY,peatones,general,delay,10,1,At 9:00 am CDT,Open,norte
2026-08-19T14:15:56+00:00,240301,Mexican Border,Presidio,PRESIDIO PORT OF ENTRY,peatones,ready,Lanes Closed,,,,Open,norte
2026-08-19T14:15:56+00:00,240301,Mexican Border,Presidio,PRESIDIO PORT OF ENTRY,carga,general,delay,10,1,At 9:00 am CDT,Open,norte
2026-08-19T14:15:56+00:00,230902,Mexican Border,Progreso,Donna International Bridge,pasajeros,general,delay,60,2,At 8:00 am CDT,Open,norte
2026-08-19T14:15:56+00:00,230902,Mexican Border,Progreso,Donna International Bridge,pasajeros,ready,delay,60,1,At 8:00 am CDT,Open,norte
2026-08-19T14:15:56+00:00,230902,Mexican Border,Progreso,Donna International Bridge,peatones,general,Lanes Closed,,,,Open,norte
2026-08-19T14:15:56+00:00,230901,Mexican Border,Progreso,Progreso International Bridge,pasajeros,general,delay,45,2,At 6:00 am CDT,Open,norte
2026-08-19T14:15:56+00:00,230901,Mexican Border,Progreso,Progreso International Bridge,pasajeros,ready,Lanes Closed,,,,Open,norte
2026-08-19T14:15:56+00:00,230901,Mexican Border,Progreso,Progreso International Bridge,peatones,general,delay,10,1,At 6:00 am CDT,Open,norte
2026-08-19T14:15:56+00:00,230901,Mexican Border,Progreso,Progreso International Bridge,peatones,ready,Lanes Closed,,,,Open,norte
2026-08-19T14:15:56+00:00,230901,Mexican Border,Progreso,Progreso International Bridge,carga,general,Lanes Closed,,,,Open,norte
2026-08-19T14:15:56+00:00,230701,Mexican Border,Rio Grande City,,pasajeros,general,no delay,0,2,At 9:00 am CDT,Open,norte
2026-08-19T14:15:56+00:00,230701,Mexican Border,Rio Grande City,,carga,general,no delay,0,1,At 9:00 am CDT,Open,norte
2026-08-19T14:15:56+00:00,231001,Mexican Border,Roma,,pasajeros,general,delay,10,2,At 8:00 am CDT,Open,norte
2026-08-19T14:15:56+00:00,231001,Mexican Border,Roma,,pasajeros,ready,Lanes Closed,,,,Open,norte
2026-08-19T14:15:56+00:00,231001,Mexican Border,Roma,,carga,general,no delay,0,1,At 8:00 am CDT,Open,norte
2026-08-19T14:15:56+00:00,231002,Mexican Border,ROMA TEXAS,ROMA TEXAS,pasajeros,general,Update Pending,,,,Open,norte
2026-08-19T14:15:56+00:00,231002,Mexican Border,ROMA TEXAS,ROMA TEXAS,pasajeros,sentri,Update Pending,,,,Open,norte
2026-08-19T14:15:56+00:00,231002,Mexican Border,ROMA TEXAS,ROMA TEXAS,pasajeros,ready,Update Pending,,,,Open,norte
2026-08-19T14:15:56+00:00,231002,Mexican Border,ROMA TEXAS,ROMA TEXAS,peatones,general,Update Pending,,,,Open,norte
2026-08-19T14:15:56+00:00,231002,Mexican Border,ROMA TEXAS,ROMA TEXAS,peatones,ready,Update Pending,,,,Open,norte
2026-08-19T14:15:56+00:00,231002,Mexican Border,ROMA TEXAS,ROMA TEXAS,carga,general,Update Pending,,,,Open,norte
2026-08-19T14:15:56+00:00,231002,Mexican Border,ROMA TEXAS,ROMA TEXAS,carga,fast,Update Pending,,,,Open,norte
2026-08-19T14:15:56+00:00,260801,Mexican Border,San Luis,San Luis I,pasajeros,general,delay,25,5,At 11:00 pm MST,Open,norte
2026-08-19T14:15:56+00:00,260801,Mexican Border,San Luis,San Luis I,pasajeros,sentri,no delay,5,2,At 11:00 pm MST,Open,norte
2026-08-19T14:15:56+00:00,260801,Mexican Border,San Luis,San Luis I,pasajeros,ready,Lanes Closed,,,,Open,norte
2026-08-19T14:15:56+00:00,260801,Mexican Border,San Luis,San Luis I,peatones,general,no delay,5,2,At 11:00 pm MST,Open,norte
2026-08-19T14:15:56+00:00,260801,Mexican Border,San Luis,San Luis I,peatones,ready,Lanes Closed,,,,Open,norte
2026-08-19T14:15:56+00:00,260802,Mexican Border,San Luis,San Luis II,pasajeros,general,Update Pending,,,,Closed,norte
2026-08-19T14:15:56+00:00,260802,Mexican Border,San Luis,San Luis II,pasajeros,sentri,Update Pending,,,,Closed,norte
2026-08-19T14:15:56+00:00,260802,Mexican Border,San Luis,San Luis II,pasajeros,ready,Update Pending,,,,Closed,norte
2026-08-19T14:15:56+00:00,260802,Mexican Border,San Luis,San Luis II,peatones,general,Update Pending,,,,Closed,norte
2026-08-19T14:15:56+00:00,260802,Mexican Border,San Luis,San Luis II,peatones,ready,Update Pending,,,,Closed,norte
2026-08-19T14:15:56+00:00,260802,Mexican Border,San Luis,San Luis II,carga,general,Update Pending,,,,Closed,norte
2026-08-19T14:15:56+00:00,260802,Mexican Border,San Luis,San Luis II,carga,fast,Update Pending,,,,Closed,norte
2026-08-19T14:15:56+00:00,250401,Mexican Border,San Ysidro,,pasajeros,general,delay,100,5,At 7:00 am PDT,Open,norte
2026-08-19T14:15:56+00:00,250401,Mexican Border,San Ysidro,,pasajeros,sentri,delay,15,12,At 7:00 am PDT,Open,norte
2026-08-19T14:15:56+00:00,250401,Mexican Border,San Ysidro,,pasajeros,ready,delay,80,12,At 7:00 am PDT,Open,norte
2026-08-19T14:15:56+00:00,250401,Mexican Border,San Ysidro,,peatones,general,delay,60,20,At 7:00 am PDT,Open,norte
2026-08-19T14:15:56+00:00,250401,Mexican Border,San Ysidro,,peatones,ready,no delay,5,1,At 7:00 am PDT,Open,norte
2026-08-19T14:15:56+00:00,250409,Mexican Border,San Ysidro,Cross Border Express,peatones,general,no delay,1,5,At 9:00 am PDT,Open,norte
2026-08-19T14:15:56+00:00,250409,Mexican Border,San Ysidro,Cross Border Express,peatones,ready,no delay,1,1,At 9:00 am PDT,Open,norte
2026-08-19T14:15:56+00:00,250407,Mexican Border,San Ysidro,PedWest,peatones,general,delay,15,5,At 6:00 am PDT,Open,norte
2026-08-19T14:15:56+00:00,250407,Mexican Border,San Ysidro,PedWest,peatones,ready,no delay,5,1,At 6:00 am PDT,Open,norte
2026-08-19T14:15:56+00:00,240801,Mexican Border,Santa Teresa,Santa Teresa Port of Entry,pasajeros,general,delay,40,1,At 8:00 am MDT,Open,norte
2026-08-19T14:15:56+00:00,240801,Mexican Border,Santa Teresa,Santa Teresa Port of Entry,pasajeros,ready,delay,35,1,At 8:00 am MDT,Open,norte
2026-08-19T14:15:56+00:00,240801,Mexican Border,Santa Teresa,Santa Teresa Port of Entry,peatones,general,no delay,5,1,At 8:00 am MDT,Open,norte
2026-08-19T14:15:56+00:00,240801,Mexican Border,Santa Teresa,Santa Teresa Port of Entry,carga,general,delay,30,1,At 8:00 am MDT,Open,norte
2026-08-19T14:15:56+00:00,240801,Mexican Border,Santa Teresa,Santa Teresa Port of Entry,carga,fast,delay,25,1,At 8:00 am MDT,Open,norte
2026-08-19T14:15:56+00:00,250501,Mexican Border,Tecate,,pasajeros,general,delay,60,4,At 7:00 am PDT,Open,norte
2026-08-19T14:15:56+00:00,250501,Mexican Border,Tecate,,peatones,general,delay,30,4,At 7:00 am PDT,Open,norte
2026-08-19T14:15:56+00:00,250501,Mexican Border,Tecate,,carga,general,Lanes Closed,,,,Open,norte
2026-08-19T14:15:56+00:00,240104,Mexican Border,YSLETA,,pasajeros,general,Update Pending,,,,Open,norte
2026-08-19T14:15:56+00:00,240104,Mexican Border,YSLETA,,pasajeros,sentri,Update Pending,,,,Open,norte
2026-08-19T14:15:56+00:00,240104,Mexican Border,YSLETA,,pasajeros,ready,Update Pending,,,,Open,norte
2026-08-19T14:15:56+00:00,240104,Mexican Border,YSLETA,,peatones,general,Update Pending,,,,Open,norte
2026-08-19T14:15:56+00:00,240104,Mexican Border,YSLETA,,peatones,ready,Update Pending,,,,Open,norte
2026-08-19T14:15:56+00:00,240104,Mexican Border,YSLETA,,carga,general,Update Pending,,,,Open,norte
2026-08-19T14:15:56+00:00,240104,Mexican Border,YSLETA,,carga,fast,Update Pending,,,,Open,norte
2026-08-19T14:15:56+00:00,SB-SY-I5,Mexican Border,San Ysidro sur (I-5),San Ysidro sur (I-5),pasajeros,general,ok,0,,08/19/2026 7:15am,,sur
2026-08-19T14:15:56+00:00,SB-SY-I5,Mexican Border,San Ysidro sur (I-5),San Ysidro sur (I-5),pasajeros,pron15,ok,0,,08/19/2026 7:15am,,sur
2026-08-19T14:15:56+00:00,SB-SY-I5,Mexican Border,San Ysidro sur (I-5),San Ysidro sur (I-5),pasajeros,pron30,ok,0,,08/19/2026 7:15am,,sur
2026-08-19T14:15:56+00:00,SB-OM-905,Mexican Border,Otay Mesa sur (SR-905),Otay Mesa sur (SR-905),pasajeros,general,ok,0,,08/19/2026 7:15am,,sur
2026-08-19T14:15:56+00:00,SB-OM-905,Mexican Border,Otay Mesa sur (SR-905),Otay Mesa sur (SR-905),pasajeros,pron15,ok,0,,08/19/2026 7:15am,,sur
2026-08-19T14:15:56+00:00,SB-OM-905,Mexican Border,Otay Mesa sur (SR-905),Otay Mesa sur (SR-905),pasajeros,pron30,ok,0,,08/19/2026 7:15am,,sur
2026-08-19T15:50:51+00:00,070801,Canadian Border,Alexandria Bay,Thousand Islands Bridge,pasajeros,general,no delay,0,3,At 11:00 am EDT,Open,norte
2026-08-19T15:50:51+00:00,070801,Canadian Border,Alexandria Bay,Thousand Islands Bridge,pasajeros,sentri,no delay,0,1,At 11:00 am EDT,Open,norte
2026-08-19T15:50:51+00:00,070801,Canadian Border,Alexandria Bay,Thousand Islands Bridge,carga,general,no delay,0,2,At 11:00 am EDT,Open,norte
2026-08-19T15:50:51+00:00,300401,Canadian Border,Blaine,Pacific Highway,pasajeros,general,no delay,5,3,At 8:00 am PDT,Open,norte
2026-08-19T15:50:51+00:00,300401,Canadian Border,Blaine,Pacific Highway,pasajeros,sentri,no delay,5,1,At 8:00 am PDT,Open,norte
2026-08-19T15:50:51+00:00,300401,Canadian Border,Blaine,Pacific Highway,carga,general,no delay,5,3,At 8:00 am PDT,Open,norte
2026-08-19T15:50:51+00:00,300402,Canadian Border,Blaine,Peace Arch,pasajeros,general,no delay,5,3,At 8:00 am PDT,Open,norte
2026-08-19T15:50:51+00:00,300402,Canadian Border,Blaine,Peace Arch,pasajeros,sentri,no delay,5,2,At 8:00 am PDT,Open,norte
2026-08-19T15:50:51+00:00,090104,Canadian Border,Buffalo/Niagara Falls,Lewiston Bridge,pasajeros,general,no delay,0,6,At 11:27 am EDT,Open,norte
2026-08-19T15:50:51+00:00,090104,Canadian Border,Buffalo/Niagara Falls,Lewiston Bridge,carga,general,no delay,0,2,At 11:27 am EDT,Open,norte
2026-08-19T15:50:51+00:00,090101,Canadian Border,Buffalo/Niagara Falls,Peace Bridge,pasajeros,general,delay,10,6,At 11:27 am EDT,Open,norte
2026-08-19T15:50:51+00:00,090101,Canadian Border,Buffalo/Niagara Falls,Peace Bridge,pasajeros,sentri,no delay,0,2,At 11:27 am EDT,Open,norte
2026-08-19T15:50:51+00:00,090101,Canadian Border,Buffalo/Niagara Falls,Peace Bridge,carga,general,no delay,4,4,At 11:27 am EDT,Open,norte
2026-08-19T15:50:51+00:00,090102,Canadian Border,Buffalo/Niagara Falls,Rainbow Bridge,pasajeros,general,delay,15,5,At 11:27 am EDT,Open,norte
2026-08-19T15:50:51+00:00,011501,Canadian Border,Calais,Ferry Point,pasajeros,general,no delay,0,2,At 11:00 am EDT,Open,norte
2026-08-19T15:50:51+00:00,011503,Canadian Border,Calais,International Avenue,pasajeros,general,no delay,5,2,At 11:00 am EDT,Open,norte
2026-08-19T15:50:51+00:00,011503,Canadian Border,Calais,International Avenue,carga,general,no delay,0,1,At 11:00 am EDT,Open,norte
2026-08-19T15:50:51+00:00,011502,Canadian Border,Calais,Milltown,pasajeros,general,no delay,0,1,At 11:00 am EDT,Open,norte
2026-08-19T15:50:51+00:00,071201,Canadian Border,Champlain,,pasajeros,general,delay,20,3,At 11:00 am EDT,Open,norte
2026-08-19T15:50:51+00:00,071201,Canadian Border,Champlain,,pasajeros,sentri,no delay,0,1,At 11:00 am EDT,Open,norte
2026-08-19T15:50:51+00:00,071201,Canadian Border,Champlain,,carga,general,no delay,0,2,At 11:00 am EDT,Open,norte
2026-08-19T15:50:51+00:00,071201,Canadian Border,Champlain,,carga,fast,no delay,0,1,At 11:00 am EDT,Open,norte
2026-08-19T15:50:51+00:00,020901,Canadian Border,Derby Line,Derby Line I-91,pasajeros,general,no delay,0,2,At 11:00 am EDT,Open,norte
2026-08-19T15:50:51+00:00,020901,Canadian Border,Derby Line,Derby Line I-91,carga,general,no delay,0,1,At 11:00 am EDT,Open,norte
2026-08-19T15:50:51+00:00,380001,Canadian Border,Detroit,Ambassador Bridge,pasajeros,general,no delay,5,4,At 11:00 am EDT,Open,norte
2026-08-19T15:50:51+00:00,380001,Canadian Border,Detroit,Ambassador Bridge,pasajeros,sentri,no delay,5,1,At 11:00 am EDT,Open,norte
2026-08-19T15:50:51+00:00,380001,Canadian Border,Detroit,Ambassador Bridge,carga,general,no delay,5,7,At 11:00 am EDT,Open,norte
2026-08-19T15:50:51+00:00,380001,Canadian Border,Detroit,Ambassador Bridge,carga,fast,no delay,5,2,At 11:00 am EDT,Open,norte
2026-08-19T15:50:51+00:00,380102,Canadian Border,Detroit,Gordie Howe International Bridge,pasajeros,general,delay,10,6,At 11:00 am EDT,Open,norte
2026-08-19T15:50:51+00:00,380102,Canadian Border,Detroit,Gordie Howe International Bridge,pasajeros,sentri,delay,10,2,At 11:00 am EDT,Open,norte
2026-08-19T15:50:51+00:00,380102,Canadian Border,Detroit,Gordie Howe International Bridge,peatones,general,no delay,0,2,At 11:00 am EDT,Open,norte
2026-08-19T15:50:51+00:00,380102,Canadian Border,Detroit,Gordie Howe International Bridge,carga,general,no delay,0,3,At 11:00 am EDT,Open,norte
2026-08-19T15:50:51+00:00,380102,Canadian Border,Detroit,Gordie Howe International Bridge,carga,fast,no delay,0,1,At 11:00 am EDT,Open,norte
2026-08-19T15:50:51+00:00,380002,Canadian Border,Detroit,Windsor Tunnel,pasajeros,general,no delay,0,4,At 11:00 am EDT,Open,norte
2026-08-19T15:50:51+00:00,380002,Canadian Border,Detroit,Windsor Tunnel,pasajeros,sentri,no delay,0,1,At 11:00 am EDT,Open,norte
2026-08-19T15:50:51+00:00,380002,Canadian Border,Detroit,Windsor Tunnel,carga,general,no delay,0,1,At 11:00 am EDT,Open,norte
2026-08-19T15:50:51+00:00,010601,Canadian Border,Houlton,,pasajeros,general,delay,15,1,At 11:00 am EDT,Open,norte
2026-08-19T15:50:51+00:00,010601,Canadian Border,Houlton,,carga,general,no delay,0,1,At 11:00 am EDT,Open,norte
2026-08-19T15:50:51+00:00,360401,Canadian Border,International Falls,,pasajeros,general,no delay,0,1,At Noon CDT,Open,norte
2026-08-19T15:50:51+00:00,360401,Canadian Border,International Falls,,carga,general,no delay,0,1,At Noon CDT,Open,norte
2026-08-19T15:50:51+00:00,010401,Canadian Border,Jackman,,pasajeros,general,no delay,0,1,At 11:00 am EDT,Open,norte
2026-08-19T15:50:51+00:00,010401,Canadian Border,Jackman,,carga,general,no delay,0,1,At 11:00 am EDT,Open,norte
2026-08-19T15:50:51+00:00,302301,Canadian Border,Lynden,,pasajeros,general,no delay,5,1,At 9:00 am PDT,Open,norte
2026-08-19T15:50:51+00:00,302301,Canadian Border,Lynden,,pasajeros,sentri,no delay,0,1,At 9:00 am PDT,Open,norte
2026-08-19T15:50:51+00:00,302301,Canadian Border,Lynden,,pasajeros,ready,Lanes Closed,,,,Open,norte
2026-08-19T15:50:51+00:00,302301,Canadian Border,Lynden,,carga,general,no delay,5,1,At 9:00 am PDT,Open,norte
2026-08-19T15:50:51+00:00,L01901,Canadian Border,Madawaska,,pasajeros,general,no delay,1,1,At 11:00 am EDT,Open,norte
2026-08-19T15:50:51+00:00,L01901,Canadian Border,Madawaska,,carga,general,no delay,0,1,At 11:00 am EDT,Open,norte
2026-08-19T15:50:51+00:00,070401,Canadian Border,Massena,,pasajeros,general,no delay,0,4,At Noon EDT,Open,norte
2026-08-19T15:50:51+00:00,070401,Canadian Border,Massena,,carga,general,no delay,0,1,At Noon EDT,Open,norte
2026-08-19T15:50:51+00:00,021101,Canadian Border,Norton,,pasajeros,general,no delay,0,1,At 8:00 pm EDT,Open,norte
2026-08-19T15:50:51+00:00,021101,Canadian Border,Norton,,carga,general,no delay,0,1,At 8:00 pm EDT,Open,norte
2026-08-19T15:50:51+00:00,070101,Canadian Border,Ogdensburg,,pasajeros,general,no delay,0,1,At 11:00 pm EDT,Open,norte
2026-08-19T15:50:51+00:00,070101,Canadian Border,Ogdensburg,,carga,general,no delay,0,1,At 11:00 pm EDT,Open,norte
2026-08-19T15:50:51+00:00,380201,Canadian Border,Port Huron,Bluewater Bridge,pasajeros,general,delay,14,3,At 11:00 am EST,Open,norte
2026-08-19T15:50:51+00:00,380201,Canadian Border,Port Huron,Bluewater Bridge,pasajeros,sentri,no delay,1,1,At 11:00 am EST,Open,norte
2026-08-19T15:50:51+00:00,380201,Canadian Border,Port Huron,Bluewater Bridge,carga,general,no delay,9,4,At 11:00 am EST,Open,norte
2026-08-19T15:50:51+00:00,380201,Canadian Border,Port Huron,Bluewater Bridge,carga,fast,no delay,1,1,At 11:00 am EST,Open,norte
2026-08-19T15:50:51+00:00,380301,Canadian Border,Sault Ste. Marie,International Bridge - SSM,pasajeros,general,no delay,5,2,At 11:00 am EDT,Open,norte
2026-08-19T15:50:51+00:00,380301,Canadian Border,Sault Ste. Marie,International Bridge - SSM,carga,general,no delay,5,1,At 11:00 am EDT,Open,norte
2026-08-19T15:50:51+00:00,331001,Canadian Border,Sweetgrass,,pasajeros,general,no delay,5,1,At 9:00 am MDT,Open,norte
2026-08-19T15:50:51+00:00,331001,Canadian Border,Sweetgrass,,carga,general,no delay,5,1,At 9:00 am MDT,Open,norte
2026-08-19T15:50:51+00:00,250201,Mexican Border,Andrade,,pasajeros,general,delay,20,2,At 7:00 am PDT,Open,norte
2026-08-19T15:50:51+00:00,250201,Mexican Border,Andrade,,peatones,general,no delay,0,2,At 7:00 am PDT,Open,norte
2026-08-19T15:50:51+00:00,535501,Mexican Border,Brownsville,B&M,pasajeros,general,no delay,5,1,At 10:00 am CDT,Open,norte
2026-08-19T15:50:51+00:00,535501,Mexican Border,Brownsville,B&M,pasajeros,ready,no delay,5,2,At 10:00 am CDT,Open,norte
2026-08-19T15:50:51+00:00,535501,Mexican Border,Brownsville,B&M,peatones,general,no delay,5,2,At 10:00 am CDT,Open,norte
2026-08-19T15:50:51+00:00,535504,Mexican Border,Brownsville,Gateway,pasajeros,general,no delay,5,1,At 10:00 am CDT,Open,norte
2026-08-19T15:50:51+00:00,535504,Mexican Border,Brownsville,Gateway,pasajeros,ready,no delay,5,3,At 10:00 am CDT,Open,norte
2026-08-19T15:50:51+00:00,535504,Mexican Border,Brownsville,Gateway,peatones,general,no delay,0,3,At 10:00 am CDT,Open,norte
2026-08-19T15:50:51+00:00,535503,Mexican Border,Brownsville,Los Indios,pasajeros,general,no delay,5,2,At 10:00 am CDT,Open,norte
2026-08-19T15:50:51+00:00,535503,Mexican Border,Brownsville,Los Indios,carga,general,no delay,0,1,At 10:00 am CDT,Open,norte
2026-08-19T15:50:51+00:00,535502,Mexican Border,Brownsville,Veterans International,pasajeros,general,delay,10,1,At 10:00 am CDT,Open,norte
2026-08-19T15:50:51+00:00,535502,Mexican Border,Brownsville,Veterans International,pasajeros,sentri,no delay,0,2,At 10:00 am CDT,Open,norte
2026-08-19T15:50:51+00:00,535502,Mexican Border,Brownsville,Veterans International,pasajeros,ready,delay,10,2,At 10:00 am CDT,Open,norte
2026-08-19T15:50:51+00:00,535502,Mexican Border,Brownsville,Veterans International,peatones,general,no delay,5,1,At 10:00 am CDT,Open,norte
2026-08-19T15:50:51+00:00,535502,Mexican Border,Brownsville,Veterans International,carga,general,delay,30,2,At 10:00 am CDT,Open,norte
2026-08-19T15:50:51+00:00,535502,Mexican Border,Brownsville,Veterans International,carga,fast,no delay,0,1,At 10:00 am CDT,Open,norte
2026-08-19T15:50:51+00:00,250302,Mexican Border,Calexico,West,pasajeros,general,delay,60,3,At 8:00 am PDT,Open,norte
2026-08-19T15:50:51+00:00,250302,Mexican Border,Calexico,West,pasajeros,sentri,delay,25,5,At 8:00 am PDT,Open,norte
2026-08-19T15:50:51+00:00,250302,Mexican Border,Calexico,West,pasajeros,ready,delay,60,4,At 8:00 am PDT,Open,norte
2026-08-19T15:50:51+00:00,250302,Mexican Border,Calexico,West,peatones,general,delay,60,3,At 8:00 am PDT,Open,norte
2026-08-19T15:50:51+00:00,250302,Mexican Border,Calexico,West,peatones,ready,delay,60,3,At 8:00 am PDT,Open,norte
2026-08-19T15:50:51+00:00,240601,Mexican Border,Columbus,,pasajeros,general,delay,15,1,At 9:00 am MDT,Open,norte
2026-08-19T15:50:51+00:00,240601,Mexican Border,Columbus,,peatones,general,no delay,5,1,At 9:00 am MDT,Open,norte
2026-08-19T15:50:51+00:00,240601,Mexican Border,Columbus,,carga,general,no delay,5,1,At 9:00 am MDT,Open,norte
2026-08-19T15:50:51+00:00,230201,Mexican Border,Del Rio,,pasajeros,general,delay,25,1,At 10:00 am CDT,Open,norte
2026-08-19T15:50:51+00:00,230201,Mexican Border,Del Rio,,pasajeros,sentri,no delay,0,1,At 10:00 am CDT,Open,norte
2026-08-19T15:50:51+00:00,230201,Mexican Border,Del Rio,,pasajeros,ready,delay,25,2,At 10:00 am CDT,Open,norte
2026-08-19T15:50:51+00:00,230201,Mexican Border,Del Rio,,carga,general,Lanes Closed,,,,Open,norte
2026-08-19T15:50:51+00:00,260101,Mexican Border,Douglas (Raul Hector Castro),,pasajeros,general,delay,60,2,At 8:00 am PST,Open,norte
2026-08-19T15:50:51+00:00,260101,Mexican Border,Douglas (Raul Hector Castro),,pasajeros,sentri,delay,40,2,At 8:00 am PST,Open,norte
2026-08-19T15:50:51+00:00,260101,Mexican Border,Douglas (Raul Hector Castro),,peatones,general,delay,10,2,At 8:00 am PST,Open,norte
2026-08-19T15:50:51+00:00,230301,Mexican Border,Eagle Pass,Bridge I,pasajeros,general,delay,20,2,At 10:00 am CDT,Open,norte
2026-08-19T15:50:51+00:00,230302,Mexican Border,Eagle Pass,Bridge II,pasajeros,general,no delay,5,4,At 10:00 am CDT,Open,norte
2026-08-19T15:50:51+00:00,230302,Mexican Border,Eagle Pass,Bridge II,pasajeros,sentri,no delay,5,1,At 10:00 am CDT,Open,norte
2026-08-19T15:50:51+00:00,240201,Mexican Border,El Paso,Bridge of the Americas (BOTA),pasajeros,general,delay,50,3,At 9:00 am MDT,Open,norte
2026-08-19T15:50:51+00:00,240201,Mexican Border,El Paso,Bridge of the Americas (BOTA),pasajeros,ready,delay,50,7,At 9:00 am MDT,Open,norte
2026-08-19T15:50:51+00:00,240201,Mexican Border,El Paso,Bridge of the Americas (BOTA),peatones,general,no delay,5,1,At 9:00 am MDT,Open,norte
2026-08-19T15:50:51+00:00,240201,Mexican Border,El Paso,Bridge of the Americas (BOTA),carga,general,no delay,5,2,At 9:00 am MDT,Open,norte
2026-08-19T15:50:51+00:00,240201,Mexican Border,El Paso,Bridge of the Americas (BOTA),carga,fast,no delay,5,2,At 9:00 am MDT,Open,norte
2026-08-19T15:50:51+00:00,240202,Mexican Border,El Paso,Paso Del Norte (PDN),pasajeros,general,delay,45,1,At 9:00 am MDT,Open,norte
2026-08-19T15:50:51+00:00,240202,Mexican Border,El Paso,Paso Del Norte (PDN),pasajeros,sentri,no delay,5,1,At 9:00 am MDT,Open,norte
2026-08-19T15:50:51+00:00,240202,Mexican Border,El Paso,Paso Del Norte (PDN),pasajeros,ready,delay,40,3,At 9:00 am MDT,Open,norte
2026-08-19T15:50:51+00:00,240202,Mexican Border,El Paso,Paso Del Norte (PDN),peatones,general,no delay,8,3,At 9:00 am MDT,Open,norte
2026-08-19T15:50:51+00:00,240202,Mexican Border,El Paso,Paso Del Norte (PDN),peatones,ready,no delay,5,5,At 9:00 am MDT,Open,norte
2026-08-19T15:50:51+00:00,240204,Mexican Border,El Paso,Stanton DCL,pasajeros,sentri,no delay,5,3,At 9:00 am MDT,Open,norte
2026-08-19T15:50:51+00:00,240203,Mexican Border,El Paso,Ysleta,pasajeros,sentri,no delay,5,3,At 8:00 am MDT,Open,norte
2026-08-19T15:50:51+00:00,240203,Mexican Border,El Paso,Ysleta,pasajeros,ready,delay,60,3,At 8:00 am MDT,Open,norte
2026-08-19T15:50:51+00:00,240203,Mexican Border,El Paso,Ysleta,peatones,general,delay,20,4,At 8:00 am MDT,Open,norte
2026-08-19T15:50:51+00:00,240203,Mexican Border,El Paso,Ysleta,carga,general,delay,30,4,At 8:00 am MDT,Open,norte
2026-08-19T15:50:51+00:00,240203,Mexican Border,El Paso,Ysleta,carga,fast,delay,20,3,At 8:00 am MDT,Open,norte
2026-08-19T15:50:51+00:00,230503,Mexican Border,Hidalgo/Pharr,Anzalduas International Bridge,pasajeros,general,delay,50,2,At 10:00 am CDT,Open,norte
2026-08-19T15:50:51+00:00,230503,Mexican Border,Hidalgo/Pharr,Anzalduas International Bridge,pasajeros,ready,delay,45,3,At 10:00 am CDT,Open,norte
2026-08-19T15:50:51+00:00,230501,Mexican Border,Hidalgo/Pharr,Hidalgo,pasajeros,general,delay,40,2,At 10:00 am CDT,Open,norte
2026-08-19T15:50:51+00:00,230501,Mexican Border,Hidalgo/Pharr,Hidalgo,pasajeros,sentri,no delay,5,2,At 10:00 am CDT,Open,norte
2026-08-19T15:50:51+00:00,230501,Mexican Border,Hidalgo/Pharr,Hidalgo,pasajeros,ready,delay,35,2,At 10:00 am CDT,Open,norte
2026-08-19T15:50:51+00:00,230501,Mexican Border,Hidalgo/Pharr,Hidalgo,peatones,general,delay,10,6,At 10:00 am CDT,Open,norte
2026-08-19T15:50:51+00:00,230502,Mexican Border,Hidalgo/Pharr,Pharr,carga,general,delay,30,5,At 10:00 am CDT,Open,norte
2026-08-19T15:50:51+00:00,230502,Mexican Border,Hidalgo/Pharr,Pharr,carga,fast,delay,25,1,At 10:00 am CDT,Open,norte
2026-08-19T15:50:51+00:00,230401,Mexican Border,Laredo,Bridge I,pasajeros,sentri,no delay,0,3,At 10:00 am CDT,Open,norte
2026-08-19T15:50:51+00:00,230401,Mexican Border,Laredo,Bridge I,peatones,general,no delay,0,3,At 10:00 am CDT,Open,norte
2026-08-19T15:50:51+00:00,230401,Mexican Border,Laredo,Bridge I,peatones,ready,no delay,0,3,At 10:00 am CDT,Open,norte
2026-08-19T15:50:51+00:00,230402,Mexican Border,Laredo,Bridge II,pasajeros,general,delay,40,7,At 10:00 am CDT,Open,norte
2026-08-19T15:50:51+00:00,230402,Mexican Border,Laredo,Bridge II,pasajeros,ready,delay,35,7,At 10:00 am CDT,Open,norte
2026-08-19T15:50:51+00:00,230403,Mexican Border,Laredo,Colombia Solidarity,pasajeros,sentri,no delay,0,1,At 10:00 am CDT,Open,norte
2026-08-19T15:50:51+00:00,230403,Mexican Border,Laredo,Colombia Solidarity,pasajeros,ready,no delay,0,1,At 10:00 am CDT,Open,norte
2026-08-19T15:50:51+00:00,230403,Mexican Border,Laredo,Colombia Solidarity,carga,general,delay,35,3,At 10:00 am CDT,Open,norte
2026-08-19T15:50:51+00:00,230403,Mexican Border,Laredo,Colombia Solidarity,carga,fast,delay,20,2,At 10:00 am CDT,Open,norte
2026-08-19T15:50:51+00:00,230404,Mexican Border,Laredo,World Trade Bridge,carga,general,delay,30,15,At 10:00 am CDT,Open,norte
2026-08-19T15:50:51+00:00,230404,Mexican Border,Laredo,World Trade Bridge,carga,fast,no delay,0,4,At 10:00 am CDT,Open,norte
2026-08-19T15:50:51+00:00,260201,Mexican Border,Lukeville,,pasajeros,general,no delay,0,1,At 8:00 am MST,Open,norte
2026-08-19T15:50:51+00:00,260201,Mexican Border,Lukeville,,pasajeros,ready,no delay,0,1,At 8:00 am MST,Open,norte
2026-08-19T15:50:51+00:00,260201,Mexican Border,Lukeville,,carga,general,no delay,0,1,At 8:00 am MST,Open,norte
2026-08-19T15:50:51+00:00,240401,Mexican Border,Marcelino Serna,Tornillo,pasajeros,general,delay,25,2,At 9:00 am MDT,Open,norte
2026-08-19T15:50:51+00:00,240401,Mexican Border,Marcelino Serna,Tornillo,peatones,general,no delay,0,2,At 9:00 am MDT,Open,norte
2026-08-19T15:50:51+00:00,240401,Mexican Border,Marcelino Serna,Tornillo,carga,general,no delay,5,1,At 9:00 am MDT,Open,norte
2026-08-19T15:50:51+00:00,260301,Mexican Border,Naco,,pasajeros,general,delay,15,1,At 8:00 am PST,Open,norte
2026-08-19T15:50:51+00:00,260301,Mexican Border,Naco,,peatones,general,no delay,5,1,At 8:00 am PST,Open,norte
2026-08-19T15:50:51+00:00,260401,Mexican Border,Nogales,Deconcini,pasajeros,general,delay,50,3,At 8:00 am MST,Open,norte
2026-08-19T15:50:51+00:00,260401,Mexican Border,Nogales,Deconcini,pasajeros,sentri,delay,60,2,At 8:00 am MST,Open,norte
2026-08-19T15:50:51+00:00,260401,Mexican Border,Nogales,Deconcini,peatones,general,delay,60,2,At 8:00 am MST,Open,norte
2026-08-19T15:50:51+00:00,260402,Mexican Border,Nogales,Mariposa,pasajeros,general,delay,50,5,At 8:00 am MST,Open,norte
2026-08-19T15:50:51+00:00,260402,Mexican Border,Nogales,Mariposa,peatones,general,no delay,0,2,At 8:00 am MST,Open,norte
2026-08-19T15:50:51+00:00,260402,Mexican Border,Nogales,Mariposa,carga,general,no delay,0,2,At 8:00 am MST,Open,norte
2026-08-19T15:50:51+00:00,260402,Mexican Border,Nogales,Mariposa,carga,fast,no delay,0,2,At 8:00 am MST,Open,norte
2026-08-19T15:50:51+00:00,250602,Mexican Border,Otay Mesa,Commercial,carga,general,delay,35,5,At 8:00 am PDT,Open,norte
2026-08-19T15:50:51+00:00,250602,Mexican Border,Otay Mesa,Commercial,carga,fast,delay,20,3,At 8:00 am PDT,Open,norte
2026-08-19T15:50:51+00:00,250601,Mexican Border,Otay Mesa,Passenger,pasajeros,general,delay,110,2,At 8:00 am PDT,Open,norte
2026-08-19T15:50:51+00:00,250601,Mexican Border,Otay Mesa,Passenger,pasajeros,sentri,delay,20,3,At 8:00 am PDT,Open,norte
2026-08-19T15:50:51+00:00,250601,Mexican Border,Otay Mesa,Passenger,pasajeros,ready,delay,95,5,At 8:00 am PDT,Open,norte
2026-08-19T15:50:51+00:00,250601,Mexican Border,Otay Mesa,Passenger,peatones,general,delay,60,6,At 8:00 am PDT,Open,norte
2026-08-19T15:50:51+00:00,240301,Mexican Border,Presidio,PRESIDIO PORT OF ENTRY,pasajeros,general,delay,10,2,At 10:00 am CDT,Open,norte
2026-08-19T15:50:51+00:00,240301,Mexican Border,Presidio,PRESIDIO PORT OF ENTRY,peatones,general,no delay,0,1,At 10:00 am CDT,Open,norte
2026-08-19T15:50:51+00:00,240301,Mexican Border,Presidio,PRESIDIO PORT OF ENTRY,carga,general,no delay,0,1,At 10:00 am CDT,Open,norte
2026-08-19T15:50:51+00:00,230902,Mexican Border,Progreso,Donna International Bridge,pasajeros,general,delay,60,1,At 11:00 am CDT,Open,norte
2026-08-19T15:50:51+00:00,230902,Mexican Border,Progreso,Donna International Bridge,pasajeros,ready,delay,60,1,At 11:00 am CDT,Open,norte
2026-08-19T15:50:51+00:00,230901,Mexican Border,Progreso,Progreso International Bridge,pasajeros,general,delay,40,2,At 9:00 am CDT,Open,norte
2026-08-19T15:50:51+00:00,230901,Mexican Border,Progreso,Progreso International Bridge,peatones,general,no delay,3,2,At 9:00 am CDT,Open,norte
2026-08-19T15:50:51+00:00,230901,Mexican Border,Progreso,Progreso International Bridge,carga,general,no delay,0,1,At 9:00 am CDT,Open,norte
2026-08-19T15:50:51+00:00,230701,Mexican Border,Rio Grande City,,pasajeros,general,no delay,0,2,At 10:00 am CDT,Open,norte
2026-08-19T15:50:51+00:00,230701,Mexican Border,Rio Grande City,,carga,general,no delay,0,1,At 10:00 am CDT,Open,norte
2026-08-19T15:50:51+00:00,231001,Mexican Border,Roma,,pasajeros,general,delay,10,2,At 10:00 am CDT,Open,norte
2026-08-19T15:50:51+00:00,231001,Mexican Border,Roma,,carga,general,no delay,0,1,At 10:00 am CDT,Open,norte
2026-08-19T15:50:51+00:00,250401,Mexican Border,San Ysidro,,pasajeros,general,delay,110,5,At 8:00 am PDT,Open,norte
2026-08-19T15:50:51+00:00,250401,Mexican Border,San Ysidro,,pasajeros,sentri,delay,15,12,At 8:00 am PDT,Open,norte
2026-08-19T15:50:51+00:00,250401,Mexican Border,San Ysidro,,pasajeros,ready,delay,100,12,At 8:00 am PDT,Open,norte
2026-08-19T15:50:51+00:00,250401,Mexican Border,San Ysidro,,peatones,general,delay,60,20,At 8:00 am PDT,Open,norte
2026-08-19T15:50:51+00:00,250401,Mexican Border,San Ysidro,,peatones,ready,no delay,5,1,At 8:00 am PDT,Open,norte
2026-08-19T15:50:51+00:00,250409,Mexican Border,San Ysidro,Cross Border Express,peatones,general,no delay,1,5,At 10:00 am PDT,Open,norte
2026-08-19T15:50:51+00:00,250409,Mexican Border,San Ysidro,Cross Border Express,peatones,ready,no delay,1,1,At 10:00 am PDT,Open,norte
2026-08-19T15:50:51+00:00,250407,Mexican Border,San Ysidro,PedWest,peatones,general,delay,30,2,At 8:00 am PDT,Open,norte
2026-08-19T15:50:51+00:00,250407,Mexican Border,San Ysidro,PedWest,peatones,ready,delay,30,2,At 8:00 am PDT,Open,norte
2026-08-19T15:50:51+00:00,240801,Mexican Border,Santa Teresa,Santa Teresa Port of Entry,pasajeros,general,delay,45,1,At 9:00 am MDT,Open,norte
2026-08-19T15:50:51+00:00,240801,Mexican Border,Santa Teresa,Santa Teresa Port of Entry,pasajeros,ready,delay,40,1,At 9:00 am MDT,Open,norte
2026-08-19T15:50:51+00:00,240801,Mexican Border,Santa Teresa,Santa Teresa Port of Entry,peatones,general,no delay,5,1,At 9:00 am MDT,Open,norte
2026-08-19T15:50:51+00:00,240801,Mexican Border,Santa Teresa,Santa Teresa Port of Entry,carga,general,delay,20,1,At 9:00 am MDT,Open,norte
2026-08-19T15:50:51+00:00,240801,Mexican Border,Santa Teresa,Santa Teresa Port of Entry,carga,fast,delay,15,1,At 9:00 am MDT,Open,norte
2026-08-19T15:50:51+00:00,250501,Mexican Border,Tecate,,pasajeros,general,delay,50,2,At 8:00 am PDT,Open,norte
2026-08-19T15:50:51+00:00,250501,Mexican Border,Tecate,,peatones,general,delay,10,4,At 8:00 am PDT,Open,norte
2026-08-19T15:50:51+00:00,250501,Mexican Border,Tecate,,carga,general,delay,30,2,At 8:00 am PDT,Open,norte
2026-08-19T15:50:51+00:00,SB-SY-I5,Mexican Border,San Ysidro sur (I-5),San Ysidro sur (I-5),pasajeros,general,ok,0,,08/19/2026 8:50am,,sur
2026-08-19T15:50:51+00:00,SB-SY-I5,Mexican Border,San Ysidro sur (I-5),San Ysidro sur (I-5),pasajeros,pron15,ok,0,,08/19/2026 8:50am,,sur
2026-08-19T15:50:51+00:00,SB-SY-I5,Mexican Border,San Ysidro sur (I-5),San Ysidro sur (I-5),pasajeros,pron30,ok,0,,08/19/2026 8:50am,,sur
2026-08-19T15:50:51+00:00,SB-OM-905,Mexican Border,Otay Mesa sur (SR-905),Otay Mesa sur (SR-905),pasajeros,general,ok,0,,08/19/2026 8:50am,,sur
2026-08-19T15:50:51+00:00,SB-OM-905,Mexican Border,Otay Mesa sur (SR-905),Otay Mesa sur (SR-905),pasajeros,pron15,ok,0,,08/19/2026 8:50am,,sur
2026-08-19T15:50:51+00:00,SB-OM-905,Mexican Border,Otay Mesa sur (SR-905),Otay Mesa sur (SR-905),pasajeros,pron30,ok,0,,08/19/2026 8:50am,,sur
2026-08-19T16:59:50+00:00,300401,Canadian Border,Blaine,Pacific Highway,pasajeros,general,no delay,5,3,At 9:00 am PDT,Open,norte
2026-08-19T16:59:50+00:00,300401,Canadian Border,Blaine,Pacific Highway,pasajeros,sentri,no delay,5,1,At 9:00 am PDT,Open,norte
2026-08-19T16:59:50+00:00,300401,Canadian Border,Blaine,Pacific Highway,carga,general,no delay,5,3,At 9:00 am PDT,Open,norte
2026-08-19T16:59:50+00:00,300402,Canadian Border,Blaine,Peace Arch,pasajeros,general,no delay,5,3,At 9:00 am PDT,Open,norte
2026-08-19T16:59:50+00:00,300402,Canadian Border,Blaine,Peace Arch,pasajeros,sentri,no delay,5,2,At 9:00 am PDT,Open,norte
2026-08-19T16:59:50+00:00,090104,Canadian Border,Buffalo/Niagara Falls,Lewiston Bridge,pasajeros,general,no delay,2,6,At 12:37 pm EDT,Open,norte
2026-08-19T16:59:50+00:00,090104,Canadian Border,Buffalo/Niagara Falls,Lewiston Bridge,carga,general,no delay,0,2,At 12:37 pm EDT,Open,norte
2026-08-19T16:59:50+00:00,090101,Canadian Border,Buffalo/Niagara Falls,Peace Bridge,pasajeros,general,delay,16,6,At 12:37 pm EDT,Open,norte
2026-08-19T16:59:50+00:00,090101,Canadian Border,Buffalo/Niagara Falls,Peace Bridge,pasajeros,sentri,no delay,0,2,At 12:37 pm EDT,Open,norte
2026-08-19T16:59:50+00:00,090101,Canadian Border,Buffalo/Niagara Falls,Peace Bridge,carga,general,no delay,5,4,At 12:37 pm EDT,Open,norte
2026-08-19T16:59:50+00:00,090102,Canadian Border,Buffalo/Niagara Falls,Rainbow Bridge,pasajeros,general,delay,29,6,At 12:37 pm EDT,Open,norte
2026-08-19T16:59:50+00:00,011501,Canadian Border,Calais,Ferry Point,pasajeros,general,no delay,0,2,At Noon EDT,Open,norte
2026-08-19T16:59:50+00:00,011503,Canadian Border,Calais,International Avenue,pasajeros,general,no delay,0,2,At Noon EDT,Open,norte
2026-08-19T16:59:50+00:00,011503,Canadian Border,Calais,International Avenue,carga,general,no delay,0,1,At Noon EDT,Open,norte
2026-08-19T16:59:50+00:00,011502,Canadian Border,Calais,Milltown,pasajeros,general,no delay,0,1,At Noon EDT,Open,norte
2026-08-19T16:59:50+00:00,071201,Canadian Border,Champlain,,pasajeros,general,delay,30,3,At Noon EDT,Open,norte
2026-08-19T16:59:50+00:00,071201,Canadian Border,Champlain,,pasajeros,sentri,no delay,0,1,At Noon EDT,Open,norte
2026-08-19T16:59:50+00:00,071201,Canadian Border,Champlain,,carga,general,no delay,0,2,At Noon EDT,Open,norte
2026-08-19T16:59:50+00:00,071201,Canadian Border,Champlain,,carga,fast,no delay,0,1,At Noon EDT,Open,norte
2026-08-19T16:59:50+00:00,020901,Canadian Border,Derby Line,Derby Line I-91,pasajeros,general,no delay,5,2,At Noon EDT,Open,norte
2026-08-19T16:59:50+00:00,020901,Canadian Border,Derby Line,Derby Line I-91,carga,general,no delay,0,1,At Noon EDT,Open,norte
2026-08-19T16:59:50+00:00,380001,Canadian Border,Detroit,Ambassador Bridge,pasajeros,general,no delay,0,4,At Noon EDT,Open,norte
2026-08-19T16:59:50+00:00,380001,Canadian Border,Detroit,Ambassador Bridge,pasajeros,sentri,no delay,0,1,At Noon EDT,Open,norte
2026-08-19T16:59:50+00:00,380001,Canadian Border,Detroit,Ambassador Bridge,carga,general,delay,10,6,At Noon EDT,Open,norte
2026-08-19T16:59:50+00:00,380001,Canadian Border,Detroit,Ambassador Bridge,carga,fast,delay,10,2,At Noon EDT,Open,norte
2026-08-19T16:59:50+00:00,380102,Canadian Border,Detroit,Gordie Howe International Bridge,pasajeros,general,no delay,5,7,At Noon EDT,Open,norte
2026-08-19T16:59:50+00:00,380102,Canadian Border,Detroit,Gordie Howe International Bridge,pasajeros,sentri,no delay,5,1,At Noon EDT,Open,norte
2026-08-19T16:59:50+00:00,380102,Canadian Border,Detroit,Gordie Howe International Bridge,peatones,general,no delay,0,2,At Noon EDT,Open,norte
2026-08-19T16:59:50+00:00,380102,Canadian Border,Detroit,Gordie Howe International Bridge,carga,general,no delay,0,3,At Noon EDT,Open,norte
2026-08-19T16:59:50+00:00,380102,Canadian Border,Detroit,Gordie Howe International Bridge,carga,fast,no delay,0,1,At Noon EDT,Open,norte
2026-08-19T16:59:50+00:00,380002,Canadian Border,Detroit,Windsor Tunnel,pasajeros,general,no delay,0,3,At Noon EDT,Open,norte
2026-08-19T16:59:50+00:00,380002,Canadian Border,Detroit,Windsor Tunnel,pasajeros,sentri,no delay,0,1,At Noon EDT,Open,norte
2026-08-19T16:59:50+00:00,380002,Canadian Border,Detroit,Windsor Tunnel,carga,general,no delay,0,1,At Noon EDT,Open,norte
2026-08-19T16:59:50+00:00,021201,Canadian Border,Highgate Springs,,pasajeros,general,delay,40,2,At 1:00 pm EDT,Open,norte
2026-08-19T16:59:50+00:00,021201,Canadian Border,Highgate Springs,,pasajeros,sentri,Lanes Closed,,,,Open,norte
2026-08-19T16:59:50+00:00,010401,Canadian Border,Jackman,,pasajeros,general,delay,10,1,At Noon EDT,Open,norte
2026-08-19T16:59:50+00:00,010401,Canadian Border,Jackman,,carga,general,no delay,0,1,At Noon EDT,Open,norte
2026-08-19T16:59:50+00:00,070401,Canadian Border,Massena,,pasajeros,general,no delay,0,4,At 2:00 pm EDT,Open,norte
2026-08-19T16:59:50+00:00,070401,Canadian Border,Massena,,carga,general,no delay,0,1,At 2:00 pm EDT,Open,norte
2026-08-19T16:59:50+00:00,340101,Canadian Border,Pembina,,pasajeros,general,delay,35,1,At 11:00 am CDT,Open,norte
2026-08-19T16:59:50+00:00,340101,Canadian Border,Pembina,,carga,general,delay,55,1,At 11:00 am CDT,Open,norte
2026-08-19T16:59:50+00:00,380201,Canadian Border,Port Huron,Bluewater Bridge,pasajeros,general,no delay,3,3,At Noon EST,Open,norte
2026-08-19T16:59:50+00:00,380201,Canadian Border,Port Huron,Bluewater Bridge,pasajeros,sentri,no delay,0,1,At Noon EST,Open,norte
2026-08-19T16:59:50+00:00,380201,Canadian Border,Port Huron,Bluewater Bridge,carga,general,delay,14,4,At Noon EST,Open,norte
2026-08-19T16:59:50+00:00,380201,Canadian Border,Port Huron,Bluewater Bridge,carga,fast,no delay,1,1,At Noon EST,Open,norte
2026-08-19T16:59:50+00:00,380301,Canadian Border,Sault Ste. Marie,International Bridge - SSM,pasajeros,general,delay,15,2,At Noon EDT,Open,norte
2026-08-19T16:59:50+00:00,380301,Canadian Border,Sault Ste. Marie,International Bridge - SSM,carga,general,delay,15,1,At Noon EDT,Open,norte
2026-08-19T16:59:50+00:00,250201,Mexican Border,Andrade,,pasajeros,general,delay,15,2,At 8:00 am PDT,Open,norte
2026-08-19T16:59:50+00:00,250201,Mexican Border,Andrade,,peatones,general,no delay,0,2,At 8:00 am PDT,Open,norte
2026-08-19T16:59:50+00:00,535501,Mexican Border,Brownsville,B&M,pasajeros,general,delay,10,1,At 11:00 am CDT,Open,norte
2026-08-19T16:59:50+00:00,535501,Mexican Border,Brownsville,B&M,pasajeros,ready,delay,10,2,At 11:00 am CDT,Open,norte
2026-08-19T16:59:50+00:00,535501,Mexican Border,Brownsville,B&M,peatones,general,no delay,5,2,At 11:00 am CDT,Open,norte
2026-08-19T16:59:50+00:00,535504,Mexican Border,Brownsville,Gateway,pasajeros,general,no delay,5,1,At 11:00 am CDT,Open,norte
2026-08-19T16:59:50+00:00,535504,Mexican Border,Brownsville,Gateway,pasajeros,ready,no delay,5,3,At 11:00 am CDT,Open,norte
2026-08-19T16:59:50+00:00,535504,Mexican Border,Brownsville,Gateway,peatones,general,no delay,5,3,At 11:00 am CDT,Open,norte
2026-08-19T16:59:50+00:00,535503,Mexican Border,Brownsville,Los Indios,pasajeros,general,no delay,5,2,At 11:00 am CDT,Open,norte
2026-08-19T16:59:50+00:00,535503,Mexican Border,Brownsville,Los Indios,carga,general,no delay,0,1,At 11:00 am CDT,Open,norte
2026-08-19T16:59:50+00:00,535502,Mexican Border,Brownsville,Veterans International,pasajeros,general,delay,35,1,At 11:00 am CDT,Open,norte
2026-08-19T16:59:50+00:00,535502,Mexican Border,Brownsville,Veterans International,pasajeros,sentri,no delay,0,2,At 11:00 am CDT,Open,norte
2026-08-19T16:59:50+00:00,535502,Mexican Border,Brownsville,Veterans International,pasajeros,ready,delay,35,2,At 11:00 am CDT,Open,norte
2026-08-19T16:59:50+00:00,535502,Mexican Border,Brownsville,Veterans International,peatones,general,no delay,5,1,At 11:00 am CDT,Open,norte
2026-08-19T16:59:50+00:00,535502,Mexican Border,Brownsville,Veterans International,carga,general,delay,60,2,At 11:00 am CDT,Open,norte
2026-08-19T16:59:50+00:00,535502,Mexican Border,Brownsville,Veterans International,carga,fast,no delay,0,1,At 11:00 am CDT,Open,norte
2026-08-19T16:59:50+00:00,240601,Mexican Border,Columbus,,pasajeros,general,delay,10,1,At 10:00 am MDT,Open,norte
2026-08-19T16:59:50+00:00,240601,Mexican Border,Columbus,,peatones,general,no delay,5,1,At 10:00 am MDT,Open,norte
2026-08-19T16:59:50+00:00,240601,Mexican Border,Columbus,,carga,general,delay,10,1,At 10:00 am MDT,Open,norte
2026-08-19T16:59:50+00:00,230301,Mexican Border,Eagle Pass,Bridge I,pasajeros,general,delay,30,2,At 11:00 am CDT,Open,norte
2026-08-19T16:59:50+00:00,230302,Mexican Border,Eagle Pass,Bridge II,pasajeros,general,delay,15,4,At 11:00 am CDT,Open,norte
2026-08-19T16:59:50+00:00,230302,Mexican Border,Eagle Pass,Bridge II,pasajeros,sentri,no delay,5,1,At 11:00 am CDT,Open,norte
2026-08-19T16:59:50+00:00,240201,Mexican Border,El Paso,Bridge of the Americas (BOTA),pasajeros,general,delay,10,2,At 10:00 am MDT,Open,norte
2026-08-19T16:59:50+00:00,240201,Mexican Border,El Paso,Bridge of the Americas (BOTA),pasajeros,ready,delay,10,7,At 10:00 am MDT,Open,norte
2026-08-19T16:59:50+00:00,240201,Mexican Border,El Paso,Bridge of the Americas (BOTA),peatones,general,no delay,5,1,At 10:00 am MDT,Open,norte
2026-08-19T16:59:50+00:00,240201,Mexican Border,El Paso,Bridge of the Americas (BOTA),carga,general,delay,10,2,At 10:00 am MDT,Open,norte
2026-08-19T16:59:50+00:00,240201,Mexican Border,El Paso,Bridge of the Americas (BOTA),carga,fast,no delay,5,2,At 10:00 am MDT,Open,norte
2026-08-19T16:59:50+00:00,240202,Mexican Border,El Paso,Paso Del Norte (PDN),pasajeros,general,delay,38,1,At 10:00 am MDT,Open,norte
2026-08-19T16:59:50+00:00,240202,Mexican Border,El Paso,Paso Del Norte (PDN),pasajeros,sentri,no delay,5,1,At 10:00 am MDT,Open,norte
2026-08-19T16:59:50+00:00,240202,Mexican Border,El Paso,Paso Del Norte (PDN),pasajeros,ready,delay,35,3,At 10:00 am MDT,Open,norte
2026-08-19T16:59:50+00:00,240202,Mexican Border,El Paso,Paso Del Norte (PDN),peatones,general,no delay,8,2,At 10:00 am MDT,Open,norte
2026-08-19T16:59:50+00:00,240202,Mexican Border,El Paso,Paso Del Norte (PDN),peatones,ready,no delay,5,3,At 10:00 am MDT,Open,norte
2026-08-19T16:59:50+00:00,240204,Mexican Border,El Paso,Stanton DCL,pasajeros,sentri,no delay,5,3,At 10:00 am MDT,Open,norte
2026-08-19T16:59:50+00:00,240203,Mexican Border,El Paso,Ysleta,pasajeros,sentri,no delay,5,3,At 10:00 am MDT,Open,norte
2026-08-19T16:59:50+00:00,240203,Mexican Border,El Paso,Ysleta,pasajeros,ready,delay,65,3,At 10:00 am MDT,Open,norte
2026-08-19T16:59:50+00:00,240203,Mexican Border,El Paso,Ysleta,peatones,general,no delay,5,2,At 10:00 am MDT,Open,norte
2026-08-19T16:59:50+00:00,240203,Mexican Border,El Paso,Ysleta,carga,general,delay,35,4,At 10:00 am MDT,Open,norte
2026-08-19T16:59:50+00:00,240203,Mexican Border,El Paso,Ysleta,carga,fast,delay,25,3,At 10:00 am MDT,Open,norte
2026-08-19T16:59:50+00:00,l24501,Mexican Border,Fort Hancock,Fort Hancock,pasajeros,general,no delay,5,1,At Noon MDT,Open,norte
2026-08-19T16:59:50+00:00,l24501,Mexican Border,Fort Hancock,Fort Hancock,peatones,general,no delay,0,1,At Noon MDT,Open,norte
2026-08-19T16:59:50+00:00,230503,Mexican Border,Hidalgo/Pharr,Anzalduas International Bridge,pasajeros,general,delay,50,2,At 11:00 am CDT,Open,norte
2026-08-19T16:59:50+00:00,230503,Mexican Border,Hidalgo/Pharr,Anzalduas International Bridge,pasajeros,ready,delay,45,3,At 11:00 am CDT,Open,norte
2026-08-19T16:59:50+00:00,230501,Mexican Border,Hidalgo/Pharr,Hidalgo,pasajeros,general,delay,50,2,At 11:00 am CDT,Open,norte
2026-08-19T16:59:50+00:00,230501,Mexican Border,Hidalgo/Pharr,Hidalgo,pasajeros,sentri,no delay,2,2,At 11:00 am CDT,Open,norte
2026-08-19T16:59:50+00:00,230501,Mexican Border,Hidalgo/Pharr,Hidalgo,pasajeros,ready,delay,45,2,At 11:00 am CDT,Open,norte
2026-08-19T16:59:50+00:00,230501,Mexican Border,Hidalgo/Pharr,Hidalgo,peatones,general,no delay,5,5,At 11:00 am CDT,Open,norte
2026-08-19T16:59:50+00:00,230502,Mexican Border,Hidalgo/Pharr,Pharr,carga,general,delay,30,5,At 11:00 am CDT,Open,norte
2026-08-19T16:59:50+00:00,230502,Mexican Border,Hidalgo/Pharr,Pharr,carga,fast,delay,25,1,At 11:00 am CDT,Open,norte
2026-08-19T16:59:50+00:00,230401,Mexican Border,Laredo,Bridge I,pasajeros,sentri,delay,10,3,At 11:00 am CDT,Open,norte
2026-08-19T16:59:50+00:00,230401,Mexican Border,Laredo,Bridge I,peatones,general,no delay,0,3,At 11:00 am CDT,Open,norte
2026-08-19T16:59:50+00:00,230401,Mexican Border,Laredo,Bridge I,peatones,ready,no delay,0,2,At 11:00 am CDT,Open,norte
2026-08-19T16:59:50+00:00,230402,Mexican Border,Laredo,Bridge II,pasajeros,general,delay,40,7,At 11:00 am CDT,Open,norte
2026-08-19T16:59:50+00:00,230402,Mexican Border,Laredo,Bridge II,pasajeros,ready,delay,35,7,At 11:00 am CDT,Open,norte
2026-08-19T16:59:50+00:00,240401,Mexican Border,Marcelino Serna,Tornillo,pasajeros,general,delay,25,2,At 10:00 am MDT,Open,norte
2026-08-19T16:59:50+00:00,240401,Mexican Border,Marcelino Serna,Tornillo,peatones,general,no delay,0,2,At 10:00 am MDT,Open,norte
2026-08-19T16:59:50+00:00,240401,Mexican Border,Marcelino Serna,Tornillo,carga,general,no delay,5,1,At 10:00 am MDT,Open,norte
2026-08-19T16:59:50+00:00,260301,Mexican Border,Naco,,pasajeros,general,no delay,5,1,At 10:00 am PST,Open,norte
2026-08-19T16:59:50+00:00,260301,Mexican Border,Naco,,peatones,general,no delay,1,1,At 10:00 am PST,Open,norte
2026-08-19T16:59:50+00:00,260301,Mexican Border,Naco,,carga,general,no delay,1,1,At 10:00 am PST,Open,norte
2026-08-19T16:59:50+00:00,260401,Mexican Border,Nogales,Deconcini,pasajeros,general,delay,30,3,At 9:00 am MST,Open,norte
2026-08-19T16:59:50+00:00,260401,Mexican Border,Nogales,Deconcini,pasajeros,sentri,no delay,0,2,At 9:00 am MST,Open,norte
2026-08-19T16:59:50+00:00,260401,Mexican Border,Nogales,Deconcini,peatones,general,no delay,0,2,At 9:00 am MST,Open,norte
2026-08-19T16:59:50+00:00,260402,Mexican Border,Nogales,Mariposa,pasajeros,general,delay,30,5,At 9:00 am MST,Open,norte
2026-08-19T16:59:50+00:00,260402,Mexican Border,Nogales,Mariposa,peatones,general,no delay,0,2,At 9:00 am MST,Open,norte
2026-08-19T16:59:50+00:00,260402,Mexican Border,Nogales,Mariposa,carga,general,delay,30,1,At 9:00 am MST,Open,norte
2026-08-19T16:59:50+00:00,260402,Mexican Border,Nogales,Mariposa,carga,fast,no delay,0,2,At 9:00 am MST,Open,norte
2026-08-19T16:59:50+00:00,250602,Mexican Border,Otay Mesa,Commercial,carga,general,delay,40,5,At 9:00 am PDT,Open,norte
2026-08-19T16:59:50+00:00,250602,Mexican Border,Otay Mesa,Commercial,carga,fast,delay,25,3,At 9:00 am PDT,Open,norte
2026-08-19T16:59:50+00:00,250601,Mexican Border,Otay Mesa,Passenger,pasajeros,general,delay,110,2,At 9:00 am PDT,Open,norte
2026-08-19T16:59:50+00:00,250601,Mexican Border,Otay Mesa,Passenger,pasajeros,sentri,delay,25,3,At 9:00 am PDT,Open,norte
2026-08-19T16:59:50+00:00,250601,Mexican Border,Otay Mesa,Passenger,pasajeros,ready,delay,110,5,At 9:00 am PDT,Open,norte
2026-08-19T16:59:50+00:00,250601,Mexican Border,Otay Mesa,Passenger,peatones,general,delay,50,6,At 9:00 am PDT,Open,norte
2026-08-19T16:59:50+00:00,240301,Mexican Border,Presidio,PRESIDIO PORT OF ENTRY,pasajeros,general,delay,20,2,At Noon CDT,Open,norte
2026-08-19T16:59:50+00:00,240301,Mexican Border,Presidio,PRESIDIO PORT OF ENTRY,peatones,general,no delay,0,1,At Noon CDT,Open,norte
2026-08-19T16:59:50+00:00,240301,Mexican Border,Presidio,PRESIDIO PORT OF ENTRY,carga,general,no delay,0,1,At Noon CDT,Open,norte
2026-08-19T16:59:50+00:00,230701,Mexican Border,Rio Grande City,,pasajeros,general,no delay,0,2,At 11:00 am CDT,Open,norte
2026-08-19T16:59:50+00:00,230701,Mexican Border,Rio Grande City,,carga,general,no delay,0,1,At 11:00 am CDT,Open,norte
2026-08-19T16:59:50+00:00,231001,Mexican Border,Roma,,pasajeros,general,delay,15,2,At 11:00 am CDT,Open,norte
2026-08-19T16:59:50+00:00,231001,Mexican Border,Roma,,carga,general,no delay,5,1,At 11:00 am CDT,Open,norte
2026-08-19T16:59:50+00:00,260802,Mexican Border,San Luis,San Luis II,carga,general,no delay,0,2,At 9:00 am MST,Open,norte
2026-08-19T16:59:50+00:00,250401,Mexican Border,San Ysidro,,pasajeros,general,delay,110,5,At 9:00 am PDT,Open,norte
2026-08-19T16:59:50+00:00,250401,Mexican Border,San Ysidro,,pasajeros,sentri,delay,15,12,At 9:00 am PDT,Open,norte
2026-08-19T16:59:50+00:00,250401,Mexican Border,San Ysidro,,pasajeros,ready,delay,100,12,At 9:00 am PDT,Open,norte
2026-08-19T16:59:50+00:00,250401,Mexican Border,San Ysidro,,peatones,general,delay,40,20,At 9:00 am PDT,Open,norte
2026-08-19T16:59:50+00:00,250401,Mexican Border,San Ysidro,,peatones,ready,no delay,5,1,At 9:00 am PDT,Open,norte
2026-08-19T16:59:50+00:00,250407,Mexican Border,San Ysidro,PedWest,peatones,general,delay,45,2,At 9:00 am PDT,Open,norte
2026-08-19T16:59:50+00:00,250407,Mexican Border,San Ysidro,PedWest,peatones,ready,delay,45,2,At 9:00 am PDT,Open,norte
2026-08-19T16:59:50+00:00,240801,Mexican Border,Santa Teresa,Santa Teresa Port of Entry,pasajeros,general,delay,35,1,At 10:00 am MDT,Open,norte
2026-08-19T16:59:50+00:00,240801,Mexican Border,Santa Teresa,Santa Teresa Port of Entry,pasajeros,ready,delay,30,1,At 10:00 am MDT,Open,norte
2026-08-19T16:59:50+00:00,240801,Mexican Border,Santa Teresa,Santa Teresa Port of Entry,peatones,general,no delay,5,1,At 10:00 am MDT,Open,norte
2026-08-19T16:59:50+00:00,240801,Mexican Border,Santa Teresa,Santa Teresa Port of Entry,carga,general,delay,15,1,At 10:00 am MDT,Open,norte
2026-08-19T16:59:50+00:00,240801,Mexican Border,Santa Teresa,Santa Teresa Port of Entry,carga,fast,delay,10,1,At 10:00 am MDT,Open,norte
2026-08-19T16:59:50+00:00,250501,Mexican Border,Tecate,,pasajeros,general,delay,40,2,At 9:00 am PDT,Open,norte
2026-08-19T16:59:50+00:00,250501,Mexican Border,Tecate,,peatones,general,no delay,5,3,At 9:00 am PDT,Open,norte
2026-08-19T16:59:50+00:00,250501,Mexican Border,Tecate,,carga,general,delay,15,2,At 9:00 am PDT,Open,norte
2026-08-19T16:59:50+00:00,SB-SY-I5,Mexican Border,San Ysidro sur (I-5),San Ysidro sur (I-5),pasajeros,general,ok,0,,08/19/2026 9:55am,,sur
2026-08-19T16:59:50+00:00,SB-SY-I5,Mexican Border,San Ysidro sur (I-5),San Ysidro sur (I-5),pasajeros,pron15,ok,0,,08/19/2026 9:55am,,sur
2026-08-19T16:59:50+00:00,SB-SY-I5,Mexican Border,San Ysidro sur (I-5),San Ysidro sur (I-5),pasajeros,pron30,ok,0,,08/19/2026 9:55am,,sur
2026-08-19T16:59:50+00:00,SB-OM-905,Mexican Border,Otay Mesa sur (SR-905),Otay Mesa sur (SR-905),pasajeros,general,ok,0,,08/19/2026 9:55am,,sur
2026-08-19T16:59:50+00:00,SB-OM-905,Mexican Border,Otay Mesa sur (SR-905),Otay Mesa sur (SR-905),pasajeros,pron15,ok,0,,08/19/2026 9:55am,,sur
2026-08-19T16:59:50+00:00,SB-OM-905,Mexican Border,Otay Mesa sur (SR-905),Otay Mesa sur (SR-905),pasajeros,pron30,ok,0,,08/19/2026 9:55am,,sur
2026-08-19T17:54:42+00:00,070801,Canadian Border,Alexandria Bay,Thousand Islands Bridge,pasajeros,general,delay,10,4,At 1:00 pm EDT,Open,norte
2026-08-19T17:54:42+00:00,070801,Canadian Border,Alexandria Bay,Thousand Islands Bridge,pasajeros,sentri,Lanes Closed,,,,Open,norte
2026-08-19T17:54:42+00:00,070801,Canadian Border,Alexandria Bay,Thousand Islands Bridge,carga,general,no delay,0,2,At 1:00 pm EDT,Open,norte
2026-08-19T17:54:42+00:00,300401,Canadian Border,Blaine,Pacific Highway,pasajeros,general,delay,15,3,At 10:00 am PDT,Open,norte
2026-08-19T17:54:42+00:00,300401,Canadian Border,Blaine,Pacific Highway,pasajeros,sentri,no delay,5,1,At 10:00 am PDT,Open,norte
2026-08-19T17:54:42+00:00,300401,Canadian Border,Blaine,Pacific Highway,carga,general,no delay,5,3,At 10:00 am PDT,Open,norte
2026-08-19T17:54:42+00:00,300402,Canadian Border,Blaine,Peace Arch,pasajeros,general,delay,30,3,At 10:00 am PDT,Open,norte
2026-08-19T17:54:42+00:00,300402,Canadian Border,Blaine,Peace Arch,pasajeros,sentri,delay,10,1,At 10:00 am PDT,Open,norte
2026-08-19T17:54:42+00:00,090104,Canadian Border,Buffalo/Niagara Falls,Lewiston Bridge,pasajeros,general,delay,11,4,At 1:37 pm EDT,Open,norte
2026-08-19T17:54:42+00:00,090104,Canadian Border,Buffalo/Niagara Falls,Lewiston Bridge,carga,general,no delay,6,2,At 1:37 pm EDT,Open,norte
2026-08-19T17:54:42+00:00,090101,Canadian Border,Buffalo/Niagara Falls,Peace Bridge,pasajeros,general,delay,17,7,At 1:37 pm EDT,Open,norte
2026-08-19T17:54:42+00:00,090101,Canadian Border,Buffalo/Niagara Falls,Peace Bridge,pasajeros,sentri,no delay,0,2,At 1:37 pm EDT,Open,norte
2026-08-19T17:54:42+00:00,090101,Canadian Border,Buffalo/Niagara Falls,Peace Bridge,carga,general,no delay,3,4,At 1:37 pm EDT,Open,norte
2026-08-19T17:54:42+00:00,090102,Canadian Border,Buffalo/Niagara Falls,Rainbow Bridge,pasajeros,general,delay,13,6,At 1:37 pm EDT,Open,norte
2026-08-19T17:54:42+00:00,011501,Canadian Border,Calais,Ferry Point,pasajeros,general,no delay,0,2,At 1:00 pm EDT,Open,norte
2026-08-19T17:54:42+00:00,011503,Canadian Border,Calais,International Avenue,pasajeros,general,no delay,0,2,At 1:00 pm EDT,Open,norte
2026-08-19T17:54:42+00:00,011503,Canadian Border,Calais,International Avenue,carga,general,no delay,0,1,At 1:00 pm EDT,Open,norte
2026-08-19T17:54:42+00:00,011502,Canadian Border,Calais,Milltown,pasajeros,general,no delay,0,1,At 1:00 pm EDT,Open,norte
2026-08-19T17:54:42+00:00,071201,Canadian Border,Champlain,,pasajeros,general,delay,60,3,At 1:00 pm EDT,Open,norte
2026-08-19T17:54:42+00:00,071201,Canadian Border,Champlain,,pasajeros,sentri,no delay,0,1,At 1:00 pm EDT,Open,norte
2026-08-19T17:54:42+00:00,071201,Canadian Border,Champlain,,carga,general,no delay,0,2,At 1:00 pm EDT,Open,norte
2026-08-19T17:54:42+00:00,071201,Canadian Border,Champlain,,carga,fast,no delay,0,1,At 1:00 pm EDT,Open,norte
2026-08-19T17:54:42+00:00,020901,Canadian Border,Derby Line,Derby Line I-91,pasajeros,general,delay,10,2,At 1:00 pm EDT,Open,norte
2026-08-19T17:54:42+00:00,020901,Canadian Border,Derby Line,Derby Line I-91,carga,general,no delay,0,1,At 1:00 pm EDT,Open,norte
2026-08-19T17:54:42+00:00,380001,Canadian Border,Detroit,Ambassador Bridge,pasajeros,general,no delay,5,4,At 1:00 pm EDT,Open,norte
2026-08-19T17:54:42+00:00,380001,Canadian Border,Detroit,Ambassador Bridge,pasajeros,sentri,no delay,5,1,At 1:00 pm EDT,Open,norte
2026-08-19T17:54:42+00:00,380001,Canadian Border,Detroit,Ambassador Bridge,carga,general,no delay,5,6,At 1:00 pm EDT,Open,norte
2026-08-19T17:54:42+00:00,380001,Canadian Border,Detroit,Ambassador Bridge,carga,fast,no delay,5,2,At 1:00 pm EDT,Open,norte
2026-08-19T17:54:42+00:00,380102,Canadian Border,Detroit,Gordie Howe International Bridge,pasajeros,general,no delay,5,5,At 1:00 pm EDT,Open,norte
2026-08-19T17:54:42+00:00,380102,Canadian Border,Detroit,Gordie Howe International Bridge,pasajeros,sentri,no delay,5,1,At 1:00 pm EDT,Open,norte
2026-08-19T17:54:42+00:00,380102,Canadian Border,Detroit,Gordie Howe International Bridge,peatones,general,no delay,0,2,At 1:00 pm EDT,Open,norte
2026-08-19T17:54:42+00:00,380102,Canadian Border,Detroit,Gordie Howe International Bridge,carga,general,no delay,0,3,At 1:00 pm EDT,Open,norte
2026-08-19T17:54:42+00:00,380102,Canadian Border,Detroit,Gordie Howe International Bridge,carga,fast,no delay,0,1,At 1:00 pm EDT,Open,norte
2026-08-19T17:54:42+00:00,380002,Canadian Border,Detroit,Windsor Tunnel,pasajeros,general,no delay,0,3,At 1:00 pm EDT,Open,norte
2026-08-19T17:54:42+00:00,380002,Canadian Border,Detroit,Windsor Tunnel,pasajeros,sentri,no delay,0,1,At 1:00 pm EDT,Open,norte
2026-08-19T17:54:42+00:00,380002,Canadian Border,Detroit,Windsor Tunnel,carga,general,no delay,0,1,At 1:00 pm EDT,Open,norte
2026-08-19T17:54:42+00:00,010601,Canadian Border,Houlton,,pasajeros,general,delay,40,2,At 1:00 pm EDT,Open,norte
2026-08-19T17:54:42+00:00,010601,Canadian Border,Houlton,,carga,general,no delay,0,1,At 1:00 pm EDT,Open,norte
2026-08-19T17:54:42+00:00,360401,Canadian Border,International Falls,,pasajeros,general,no delay,0,1,At 2:00 pm CDT,Open,norte
2026-08-19T17:54:42+00:00,360401,Canadian Border,International Falls,,carga,general,no delay,0,1,At 2:00 pm CDT,Open,norte
2026-08-19T17:54:42+00:00,010401,Canadian Border,Jackman,,pasajeros,general,no delay,5,1,At 1:00 pm EDT,Open,norte
2026-08-19T17:54:42+00:00,010401,Canadian Border,Jackman,,carga,general,no delay,0,1,At 1:00 pm EDT,Open,norte
2026-08-19T17:54:42+00:00,L01901,Canadian Border,Madawaska,,pasajeros,general,no delay,4,1,At 1:00 pm EDT,Open,norte
2026-08-19T17:54:42+00:00,L01901,Canadian Border,Madawaska,,carga,general,no delay,0,1,At 1:00 pm EDT,Open,norte
2026-08-19T17:54:42+00:00,070401,Canadian Border,Massena,,pasajeros,general,no delay,0,4,At 3:00 pm EDT,Open,norte
2026-08-19T17:54:42+00:00,070401,Canadian Border,Massena,,carga,general,no delay,0,1,At 3:00 pm EDT,Open,norte
2026-08-19T17:54:42+00:00,380201,Canadian Border,Port Huron,Bluewater Bridge,pasajeros,general,delay,12,2,At 1:00 pm EST,Open,norte
2026-08-19T17:54:42+00:00,380201,Canadian Border,Port Huron,Bluewater Bridge,pasajeros,sentri,no delay,0,1,At 1:00 pm EST,Open,norte
2026-08-19T17:54:42+00:00,380201,Canadian Border,Port Huron,Bluewater Bridge,carga,general,delay,16,5,At 1:00 pm EST,Open,norte
2026-08-19T17:54:42+00:00,380201,Canadian Border,Port Huron,Bluewater Bridge,carga,fast,no delay,1,1,At 1:00 pm EST,Open,norte
2026-08-19T17:54:42+00:00,380301,Canadian Border,Sault Ste. Marie,International Bridge - SSM,pasajeros,general,delay,30,2,At 1:00 pm EDT,Open,norte
2026-08-19T17:54:42+00:00,380301,Canadian Border,Sault Ste. Marie,International Bridge - SSM,carga,general,delay,30,1,At 1:00 pm EDT,Open,norte
2026-08-19T17:54:42+00:00,535501,Mexican Border,Brownsville,B&M,pasajeros,general,delay,60,1,At Noon CDT,Open,norte
2026-08-19T17:54:42+00:00,535501,Mexican Border,Brownsville,B&M,pasajeros,ready,delay,60,2,At Noon CDT,Open,norte
2026-08-19T17:54:42+00:00,535501,Mexican Border,Brownsville,B&M,peatones,general,no delay,5,2,At Noon CDT,Open,norte
2026-08-19T17:54:42+00:00,535504,Mexican Border,Brownsville,Gateway,pasajeros,general,no delay,5,1,At Noon CDT,Open,norte
2026-08-19T17:54:42+00:00,535504,Mexican Border,Brownsville,Gateway,pasajeros,ready,no delay,5,3,At Noon CDT,Open,norte
2026-08-19T17:54:42+00:00,535504,Mexican Border,Brownsville,Gateway,peatones,general,no delay,5,3,At Noon CDT,Open,norte
2026-08-19T17:54:42+00:00,535503,Mexican Border,Brownsville,Los Indios,pasajeros,general,no delay,5,2,At Noon CDT,Open,norte
2026-08-19T17:54:42+00:00,535503,Mexican Border,Brownsville,Los Indios,carga,general,no delay,0,1,At Noon CDT,Open,norte
2026-08-19T17:54:42+00:00,535502,Mexican Border,Brownsville,Veterans International,pasajeros,general,delay,15,1,At Noon CDT,Open,norte
2026-08-19T17:54:42+00:00,535502,Mexican Border,Brownsville,Veterans International,pasajeros,sentri,no delay,0,2,At Noon CDT,Open,norte
2026-08-19T17:54:42+00:00,535502,Mexican Border,Brownsville,Veterans International,pasajeros,ready,delay,15,2,At Noon CDT,Open,norte
2026-08-19T17:54:42+00:00,535502,Mexican Border,Brownsville,Veterans International,peatones,general,no delay,5,1,At Noon CDT,Open,norte
2026-08-19T17:54:42+00:00,535502,Mexican Border,Brownsville,Veterans International,carga,general,delay,60,2,At Noon CDT,Open,norte
2026-08-19T17:54:42+00:00,535502,Mexican Border,Brownsville,Veterans International,carga,fast,no delay,0,1,At Noon CDT,Open,norte
2026-08-19T17:54:42+00:00,250302,Mexican Border,Calexico,West,pasajeros,general,delay,90,3,At 10:00 am PDT,Open,norte
2026-08-19T17:54:42+00:00,250302,Mexican Border,Calexico,West,pasajeros,sentri,delay,10,4,At 10:00 am PDT,Open,norte
2026-08-19T17:54:42+00:00,250302,Mexican Border,Calexico,West,pasajeros,ready,delay,90,3,At 10:00 am PDT,Open,norte
2026-08-19T17:54:42+00:00,250302,Mexican Border,Calexico,West,peatones,general,delay,50,3,At 10:00 am PDT,Open,norte
2026-08-19T17:54:42+00:00,250302,Mexican Border,Calexico,West,peatones,ready,delay,50,3,At 10:00 am PDT,Open,norte
2026-08-19T17:54:42+00:00,240601,Mexican Border,Columbus,,pasajeros,general,delay,15,1,At 11:00 am MDT,Open,norte
2026-08-19T17:54:42+00:00,240601,Mexican Border,Columbus,,peatones,general,no delay,5,1,At 11:00 am MDT,Open,norte
2026-08-19T17:54:42+00:00,240601,Mexican Border,Columbus,,carga,general,delay,10,1,At 11:00 am MDT,Open,norte
2026-08-19T17:54:42+00:00,230201,Mexican Border,Del Rio,,pasajeros,general,delay,30,1,At Noon CDT,Open,norte
2026-08-19T17:54:42+00:00,230201,Mexican Border,Del Rio,,pasajeros,sentri,no delay,0,1,At Noon CDT,Open,norte
2026-08-19T17:54:42+00:00,230201,Mexican Border,Del Rio,,pasajeros,ready,delay,30,2,At Noon CDT,Open,norte
2026-08-19T17:54:42+00:00,230201,Mexican Border,Del Rio,,carga,general,no delay,0,1,At Noon CDT,Open,norte
2026-08-19T17:54:42+00:00,260101,Mexican Border,Douglas (Raul Hector Castro),,pasajeros,general,delay,30,3,At 10:00 am PST,Open,norte
2026-08-19T17:54:42+00:00,260101,Mexican Border,Douglas (Raul Hector Castro),,pasajeros,sentri,delay,10,1,At 10:00 am PST,Open,norte
2026-08-19T17:54:42+00:00,260101,Mexican Border,Douglas (Raul Hector Castro),,peatones,general,no delay,1,2,At 10:00 am PST,Open,norte
2026-08-19T17:54:42+00:00,260101,Mexican Border,Douglas (Raul Hector Castro),,carga,general,no delay,1,1,At 10:00 am PST,Open,norte
2026-08-19T17:54:42+00:00,240201,Mexican Border,El Paso,Bridge of the Americas (BOTA),pasajeros,general,delay,20,2,At 11:00 am MDT,Open,norte
2026-08-19T17:54:42+00:00,240201,Mexican Border,El Paso,Bridge of the Americas (BOTA),pasajeros,ready,delay,20,6,At 11:00 am MDT,Open,norte
2026-08-19T17:54:42+00:00,240201,Mexican Border,El Paso,Bridge of the Americas (BOTA),peatones,general,no delay,5,1,At 11:00 am MDT,Open,norte
2026-08-19T17:54:42+00:00,240201,Mexican Border,El Paso,Bridge of the Americas (BOTA),carga,general,delay,15,2,At 11:00 am MDT,Open,norte
2026-08-19T17:54:42+00:00,240201,Mexican Border,El Paso,Bridge of the Americas (BOTA),carga,fast,delay,10,2,At 11:00 am MDT,Open,norte
2026-08-19T17:54:42+00:00,240202,Mexican Border,El Paso,Paso Del Norte (PDN),pasajeros,general,delay,30,1,At 11:00 am MDT,Open,norte
2026-08-19T17:54:42+00:00,240202,Mexican Border,El Paso,Paso Del Norte (PDN),pasajeros,sentri,no delay,5,1,At 11:00 am MDT,Open,norte
2026-08-19T17:54:42+00:00,240202,Mexican Border,El Paso,Paso Del Norte (PDN),pasajeros,ready,delay,25,3,At 11:00 am MDT,Open,norte
2026-08-19T17:54:42+00:00,240202,Mexican Border,El Paso,Paso Del Norte (PDN),peatones,general,no delay,5,2,At 11:00 am MDT,Open,norte
2026-08-19T17:54:42+00:00,240202,Mexican Border,El Paso,Paso Del Norte (PDN),peatones,ready,no delay,5,3,At 11:00 am MDT,Open,norte
2026-08-19T17:54:42+00:00,240204,Mexican Border,El Paso,Stanton DCL,pasajeros,sentri,no delay,3,3,At 11:00 am MDT,Open,norte
2026-08-19T17:54:42+00:00,240203,Mexican Border,El Paso,Ysleta,pasajeros,sentri,no delay,5,4,At 11:00 am MDT,Open,norte
2026-08-19T17:54:42+00:00,240203,Mexican Border,El Paso,Ysleta,pasajeros,ready,delay,50,3,At 11:00 am MDT,Open,norte
2026-08-19T17:54:42+00:00,240203,Mexican Border,El Paso,Ysleta,peatones,general,no delay,1,2,At 11:00 am MDT,Open,norte
2026-08-19T17:54:42+00:00,240203,Mexican Border,El Paso,Ysleta,carga,general,delay,25,4,At 11:00 am MDT,Open,norte
2026-08-19T17:54:42+00:00,240203,Mexican Border,El Paso,Ysleta,carga,fast,delay,15,3,At 11:00 am MDT,Open,norte
2026-08-19T17:54:42+00:00,230503,Mexican Border,Hidalgo/Pharr,Anzalduas International Bridge,pasajeros,general,delay,50,2,At Noon CDT,Open,norte
2026-08-19T17:54:42+00:00,230503,Mexican Border,Hidalgo/Pharr,Anzalduas International Bridge,pasajeros,ready,delay,45,3,At Noon CDT,Open,norte
2026-08-19T17:54:42+00:00,230501,Mexican Border,Hidalgo/Pharr,Hidalgo,pasajeros,general,delay,65,2,At Noon CDT,Open,norte
2026-08-19T17:54:42+00:00,230501,Mexican Border,Hidalgo/Pharr,Hidalgo,pasajeros,sentri,no delay,5,2,At Noon CDT,Open,norte
2026-08-19T17:54:42+00:00,230501,Mexican Border,Hidalgo/Pharr,Hidalgo,pasajeros,ready,delay,60,2,At Noon CDT,Open,norte
2026-08-19T17:54:42+00:00,230501,Mexican Border,Hidalgo/Pharr,Hidalgo,peatones,general,no delay,5,4,At Noon CDT,Open,norte
2026-08-19T17:54:42+00:00,230502,Mexican Border,Hidalgo/Pharr,Pharr,carga,general,delay,50,6,At Noon CDT,Open,norte
2026-08-19T17:54:42+00:00,230502,Mexican Border,Hidalgo/Pharr,Pharr,carga,fast,delay,45,1,At Noon CDT,Open,norte
2026-08-19T17:54:42+00:00,230403,Mexican Border,Laredo,Colombia Solidarity,pasajeros,sentri,no delay,0,1,At 11:00 am CDT,Open,norte
2026-08-19T17:54:42+00:00,230403,Mexican Border,Laredo,Colombia Solidarity,pasajeros,ready,no delay,0,1,At 11:00 am CDT,Open,norte
2026-08-19T17:54:42+00:00,230403,Mexican Border,Laredo,Colombia Solidarity,carga,general,delay,35,3,At 11:00 am CDT,Open,norte
2026-08-19T17:54:42+00:00,230403,Mexican Border,Laredo,Colombia Solidarity,carga,fast,no delay,0,2,At 11:00 am CDT,Open,norte
2026-08-19T17:54:42+00:00,230404,Mexican Border,Laredo,World Trade Bridge,carga,general,delay,40,8,At 11:00 am CDT,Open,norte
2026-08-19T17:54:42+00:00,230404,Mexican Border,Laredo,World Trade Bridge,carga,fast,no delay,0,4,At 11:00 am CDT,Open,norte
2026-08-19T17:54:42+00:00,260201,Mexican Border,Lukeville,,pasajeros,general,no delay,0,1,At 10:00 am MST,Open,norte
2026-08-19T17:54:42+00:00,260201,Mexican Border,Lukeville,,pasajeros,ready,no delay,0,1,At 10:00 am MST,Open,norte
2026-08-19T17:54:42+00:00,260201,Mexican Border,Lukeville,,carga,general,no delay,0,1,At 10:00 am MST,Open,norte
2026-08-19T17:54:42+00:00,240401,Mexican Border,Marcelino Serna,Tornillo,pasajeros,general,delay,25,2,At 11:00 am MDT,Open,norte
2026-08-19T17:54:42+00:00,240401,Mexican Border,Marcelino Serna,Tornillo,peatones,general,no delay,0,2,At 11:00 am MDT,Open,norte
2026-08-19T17:54:42+00:00,240401,Mexican Border,Marcelino Serna,Tornillo,carga,general,no delay,5,1,At 11:00 am MDT,Open,norte
2026-08-19T17:54:42+00:00,260401,Mexican Border,Nogales,Deconcini,pasajeros,general,delay,25,3,At 10:00 am MST,Open,norte
2026-08-19T17:54:42+00:00,260401,Mexican Border,Nogales,Deconcini,pasajeros,sentri,delay,10,2,At 10:00 am MST,Open,norte
2026-08-19T17:54:42+00:00,260401,Mexican Border,Nogales,Deconcini,peatones,general,no delay,0,2,At 10:00 am MST,Open,norte
2026-08-19T17:54:42+00:00,260402,Mexican Border,Nogales,Mariposa,pasajeros,general,delay,20,5,At 10:00 am MST,Open,norte
2026-08-19T17:54:42+00:00,260402,Mexican Border,Nogales,Mariposa,peatones,general,no delay,0,2,At 10:00 am MST,Open,norte
2026-08-19T17:54:42+00:00,260402,Mexican Border,Nogales,Mariposa,carga,general,delay,70,2,At 10:00 am MST,Open,norte
2026-08-19T17:54:42+00:00,260402,Mexican Border,Nogales,Mariposa,carga,fast,delay,45,2,At 10:00 am MST,Open,norte
2026-08-19T17:54:42+00:00,260403,Mexican Border,Nogales,Morley Gate,peatones,general,no delay,0,2,At 10:00 am MST,Open,norte
2026-08-19T17:54:42+00:00,250602,Mexican Border,Otay Mesa,Commercial,carga,general,delay,40,5,At 10:00 am PDT,Open,norte
2026-08-19T17:54:42+00:00,250602,Mexican Border,Otay Mesa,Commercial,carga,fast,delay,20,3,At 10:00 am PDT,Open,norte
2026-08-19T17:54:42+00:00,250601,Mexican Border,Otay Mesa,Passenger,pasajeros,general,delay,130,2,At 10:00 am PDT,Open,norte
2026-08-19T17:54:42+00:00,250601,Mexican Border,Otay Mesa,Passenger,pasajeros,sentri,delay,25,3,At 10:00 am PDT,Open,norte
2026-08-19T17:54:42+00:00,250601,Mexican Border,Otay Mesa,Passenger,pasajeros,ready,delay,100,5,At 10:00 am PDT,Open,norte
2026-08-19T17:54:42+00:00,250601,Mexican Border,Otay Mesa,Passenger,peatones,general,delay,35,6,At 10:00 am PDT,Open,norte
2026-08-19T17:54:42+00:00,240301,Mexican Border,Presidio,PRESIDIO PORT OF ENTRY,pasajeros,general,delay,45,2,At Noon CDT,Open,norte
2026-08-19T17:54:42+00:00,231001,Mexican Border,Roma,,pasajeros,general,delay,10,2,At Noon CDT,Open,norte
2026-08-19T17:54:42+00:00,231001,Mexican Border,Roma,,carga,general,no delay,5,1,At Noon CDT,Open,norte
2026-08-19T17:54:42+00:00,260802,Mexican Border,San Luis,San Luis II,carga,general,no delay,5,2,At 10:00 am MST,Open,norte
2026-08-19T17:54:42+00:00,250401,Mexican Border,San Ysidro,,pasajeros,general,delay,115,5,At 10:00 am PDT,Open,norte
2026-08-19T17:54:42+00:00,250401,Mexican Border,San Ysidro,,pasajeros,sentri,delay,15,12,At 10:00 am PDT,Open,norte
2026-08-19T17:54:42+00:00,250401,Mexican Border,San Ysidro,,pasajeros,ready,delay,110,12,At 10:00 am PDT,Open,norte
2026-08-19T17:54:42+00:00,250401,Mexican Border,San Ysidro,,peatones,general,delay,30,18,At 10:00 am PDT,Open,norte
2026-08-19T17:54:42+00:00,250401,Mexican Border,San Ysidro,,peatones,ready,no delay,5,1,At 10:00 am PDT,Open,norte
2026-08-19T17:54:42+00:00,250407,Mexican Border,San Ysidro,PedWest,peatones,general,delay,45,2,At 10:00 am PDT,Open,norte
2026-08-19T17:54:42+00:00,250407,Mexican Border,San Ysidro,PedWest,peatones,ready,delay,45,2,At 10:00 am PDT,Open,norte
2026-08-19T17:54:42+00:00,240801,Mexican Border,Santa Teresa,Santa Teresa Port of Entry,pasajeros,general,delay,35,1,At 11:00 am MDT,Open,norte
2026-08-19T17:54:42+00:00,240801,Mexican Border,Santa Teresa,Santa Teresa Port of Entry,pasajeros,ready,delay,30,1,At 11:00 am MDT,Open,norte
2026-08-19T17:54:42+00:00,240801,Mexican Border,Santa Teresa,Santa Teresa Port of Entry,peatones,general,no delay,5,1,At 11:00 am MDT,Open,norte
2026-08-19T17:54:42+00:00,240801,Mexican Border,Santa Teresa,Santa Teresa Port of Entry,carga,general,delay,15,1,At 11:00 am MDT,Open,norte
2026-08-19T17:54:42+00:00,240801,Mexican Border,Santa Teresa,Santa Teresa Port of Entry,carga,fast,delay,10,1,At 11:00 am MDT,Open,norte
2026-08-19T17:54:42+00:00,250501,Mexican Border,Tecate,,pasajeros,general,delay,40,2,At 10:00 am PDT,Open,norte
2026-08-19T17:54:42+00:00,250501,Mexican Border,Tecate,,peatones,general,no delay,5,3,At 10:00 am PDT,Open,norte
2026-08-19T17:54:42+00:00,250501,Mexican Border,Tecate,,carga,general,delay,15,2,At 10:00 am PDT,Open,norte
2026-08-19T17:54:42+00:00,SB-SY-I5,Mexican Border,San Ysidro sur (I-5),San Ysidro sur (I-5),pasajeros,general,ok,0,,08/19/2026 10:50am,,sur
2026-08-19T17:54:42+00:00,SB-SY-I5,Mexican Border,San Ysidro sur (I-5),San Ysidro sur (I-5),pasajeros,pron15,ok,0,,08/19/2026 10:50am,,sur
2026-08-19T17:54:42+00:00,SB-SY-I5,Mexican Border,San Ysidro sur (I-5),San Ysidro sur (I-5),pasajeros,pron30,ok,0,,08/19/2026 10:50am,,sur
2026-08-19T17:54:42+00:00,SB-OM-905,Mexican Border,Otay Mesa sur (SR-905),Otay Mesa sur (SR-905),pasajeros,general,ok,0,,08/19/2026 10:50am,,sur
2026-08-19T17:54:42+00:00,SB-OM-905,Mexican Border,Otay Mesa sur (SR-905),Otay Mesa sur (SR-905),pasajeros,pron15,ok,0,,08/19/2026 10:50am,,sur
2026-08-19T17:54:42+00:00,SB-OM-905,Mexican Border,Otay Mesa sur (SR-905),Otay Mesa sur (SR-905),pasajeros,pron30,ok,0,,08/19/2026 10:50am,,sur
2026-08-19T19:12:11+00:00,070801,Canadian Border,Alexandria Bay,Thousand Islands Bridge,pasajeros,general,no delay,0,3,At 2:00 pm EDT,Open,norte
2026-08-19T19:12:11+00:00,070801,Canadian Border,Alexandria Bay,Thousand Islands Bridge,carga,general,no delay,0,2,At 2:00 pm EDT,Open,norte
2026-08-19T19:12:11+00:00,300401,Canadian Border,Blaine,Pacific Highway,pasajeros,general,delay,40,3,At 11:00 am PDT,Open,norte
2026-08-19T19:12:11+00:00,300401,Canadian Border,Blaine,Pacific Highway,pasajeros,sentri,delay,10,1,At 11:00 am PDT,Open,norte
2026-08-19T19:12:11+00:00,300401,Canadian Border,Blaine,Pacific Highway,carga,general,no delay,5,3,At 11:00 am PDT,Open,norte
2026-08-19T19:12:11+00:00,300402,Canadian Border,Blaine,Peace Arch,pasajeros,general,delay,30,3,At 11:00 am PDT,Open,norte
2026-08-19T19:12:11+00:00,300402,Canadian Border,Blaine,Peace Arch,pasajeros,sentri,no delay,5,2,At 11:00 am PDT,Open,norte
2026-08-19T19:12:11+00:00,090104,Canadian Border,Buffalo/Niagara Falls,Lewiston Bridge,pasajeros,general,no delay,9,5,At 2:57 pm EDT,Open,norte
2026-08-19T19:12:11+00:00,090104,Canadian Border,Buffalo/Niagara Falls,Lewiston Bridge,carga,general,no delay,4,2,At 2:57 pm EDT,Open,norte
2026-08-19T19:12:11+00:00,090101,Canadian Border,Buffalo/Niagara Falls,Peace Bridge,pasajeros,general,no delay,2,6,At 2:57 pm EDT,Open,norte
2026-08-19T19:12:11+00:00,090101,Canadian Border,Buffalo/Niagara Falls,Peace Bridge,pasajeros,sentri,no delay,0,2,At 2:57 pm EDT,Open,norte
2026-08-19T19:12:11+00:00,090101,Canadian Border,Buffalo/Niagara Falls,Peace Bridge,carga,general,delay,11,4,At 2:57 pm EDT,Open,norte
2026-08-19T19:12:11+00:00,090102,Canadian Border,Buffalo/Niagara Falls,Rainbow Bridge,pasajeros,general,no delay,2,5,At 2:57 pm EDT,Open,norte
2026-08-19T19:12:11+00:00,011501,Canadian Border,Calais,Ferry Point,pasajeros,general,no delay,0,2,At 3:00 pm EDT,Open,norte
2026-08-19T19:12:11+00:00,011503,Canadian Border,Calais,International Avenue,pasajeros,general,no delay,5,2,At 3:00 pm EDT,Open,norte
2026-08-19T19:12:11+00:00,011503,Canadian Border,Calais,International Avenue,carga,general,no delay,0,1,At 3:00 pm EDT,Open,norte
2026-08-19T19:12:11+00:00,011502,Canadian Border,Calais,Milltown,pasajeros,general,no delay,0,1,At 3:00 pm EDT,Open,norte
2026-08-19T19:12:11+00:00,071201,Canadian Border,Champlain,,pasajeros,general,delay,60,3,At 2:00 pm EDT,Open,norte
2026-08-19T19:12:11+00:00,071201,Canadian Border,Champlain,,pasajeros,sentri,no delay,0,1,At 2:00 pm EDT,Open,norte
2026-08-19T19:12:11+00:00,071201,Canadian Border,Champlain,,carga,general,no delay,0,2,At 2:00 pm EDT,Open,norte
2026-08-19T19:12:11+00:00,071201,Canadian Border,Champlain,,carga,fast,no delay,0,1,At 2:00 pm EDT,Open,norte
2026-08-19T19:12:11+00:00,380001,Canadian Border,Detroit,Ambassador Bridge,pasajeros,general,no delay,5,3,At 3:00 pm EDT,Open,norte
2026-08-19T19:12:11+00:00,380001,Canadian Border,Detroit,Ambassador Bridge,pasajeros,sentri,no delay,5,1,At 3:00 pm EDT,Open,norte
2026-08-19T19:12:11+00:00,380001,Canadian Border,Detroit,Ambassador Bridge,carga,general,delay,10,6,At 3:00 pm EDT,Open,norte
2026-08-19T19:12:11+00:00,380001,Canadian Border,Detroit,Ambassador Bridge,carga,fast,delay,10,2,At 3:00 pm EDT,Open,norte
2026-08-19T19:12:11+00:00,380102,Canadian Border,Detroit,Gordie Howe International Bridge,pasajeros,general,no delay,5,8,At 3:00 pm EDT,Open,norte
2026-08-19T19:12:11+00:00,380102,Canadian Border,Detroit,Gordie Howe International Bridge,pasajeros,sentri,no delay,5,1,At 3:00 pm EDT,Open,norte
2026-08-19T19:12:11+00:00,380102,Canadian Border,Detroit,Gordie Howe International Bridge,peatones,general,no delay,0,2,At 3:00 pm EDT,Open,norte
2026-08-19T19:12:11+00:00,380102,Canadian Border,Detroit,Gordie Howe International Bridge,carga,general,no delay,0,3,At 3:00 pm EDT,Open,norte
2026-08-19T19:12:11+00:00,380102,Canadian Border,Detroit,Gordie Howe International Bridge,carga,fast,no delay,0,1,At 3:00 pm EDT,Open,norte
2026-08-19T19:12:11+00:00,380002,Canadian Border,Detroit,Windsor Tunnel,pasajeros,general,no delay,0,4,At 3:00 pm EDT,Open,norte
2026-08-19T19:12:11+00:00,380002,Canadian Border,Detroit,Windsor Tunnel,pasajeros,sentri,no delay,0,1,At 3:00 pm EDT,Open,norte
2026-08-19T19:12:11+00:00,380002,Canadian Border,Detroit,Windsor Tunnel,carga,general,no delay,0,1,At 3:00 pm EDT,Open,norte
2026-08-19T19:12:11+00:00,010401,Canadian Border,Jackman,,pasajeros,general,no delay,0,1,At 3:00 pm EDT,Open,norte
2026-08-19T19:12:11+00:00,010401,Canadian Border,Jackman,,carga,general,no delay,0,1,At 3:00 pm EDT,Open,norte
2026-08-19T19:12:11+00:00,302301,Canadian Border,Lynden,,pasajeros,general,delay,10,1,At 10:00 am PDT,Open,norte
2026-08-19T19:12:11+00:00,302301,Canadian Border,Lynden,,pasajeros,sentri,no delay,0,1,At 10:00 am PDT,Open,norte
2026-08-19T19:12:11+00:00,302301,Canadian Border,Lynden,,carga,general,no delay,5,1,At 10:00 am PDT,Open,norte
2026-08-19T19:12:11+00:00,340101,Canadian Border,Pembina,,pasajeros,general,delay,10,1,At 1:00 pm CDT,Open,norte
2026-08-19T19:12:11+00:00,340101,Canadian Border,Pembina,,carga,general,delay,25,2,At 1:00 pm CDT,Open,norte
2026-08-19T19:12:11+00:00,380201,Canadian Border,Port Huron,Bluewater Bridge,pasajeros,general,delay,15,4,At 3:00 pm EST,Open,norte
2026-08-19T19:12:11+00:00,380201,Canadian Border,Port Huron,Bluewater Bridge,pasajeros,sentri,no delay,0,1,At 3:00 pm EST,Open,norte
2026-08-19T19:12:11+00:00,380201,Canadian Border,Port Huron,Bluewater Bridge,carga,general,delay,16,5,At 3:00 pm EST,Open,norte
2026-08-19T19:12:11+00:00,380201,Canadian Border,Port Huron,Bluewater Bridge,carga,fast,no delay,8,1,At 3:00 pm EST,Open,norte
2026-08-19T19:12:11+00:00,380301,Canadian Border,Sault Ste. Marie,International Bridge - SSM,pasajeros,general,delay,30,3,At 3:00 pm EDT,Open,norte
2026-08-19T19:12:11+00:00,380301,Canadian Border,Sault Ste. Marie,International Bridge - SSM,carga,general,delay,30,1,At 3:00 pm EDT,Open,norte
2026-08-19T19:12:11+00:00,250201,Mexican Border,Andrade,,pasajeros,general,delay,10,2,At Noon PDT,Open,norte
2026-08-19T19:12:11+00:00,250201,Mexican Border,Andrade,,peatones,general,no delay,0,2,At Noon PDT,Open,norte
2026-08-19T19:12:11+00:00,535501,Mexican Border,Brownsville,B&M,pasajeros,general,delay,60,1,At 1:00 pm CDT,Open,norte
2026-08-19T19:12:11+00:00,535501,Mexican Border,Brownsville,B&M,pasajeros,ready,delay,60,2,At 1:00 pm CDT,Open,norte
2026-08-19T19:12:11+00:00,535501,Mexican Border,Brownsville,B&M,peatones,general,no delay,5,1,At 1:00 pm CDT,Open,norte
2026-08-19T19:12:11+00:00,535504,Mexican Border,Brownsville,Gateway,pasajeros,general,no delay,5,1,At 1:00 pm CDT,Open,norte
2026-08-19T19:12:11+00:00,535504,Mexican Border,Brownsville,Gateway,pasajeros,ready,no delay,5,3,At 1:00 pm CDT,Open,norte
2026-08-19T19:12:11+00:00,535504,Mexican Border,Brownsville,Gateway,peatones,general,no delay,0,3,At 1:00 pm CDT,Open,norte
2026-08-19T19:12:11+00:00,535503,Mexican Border,Brownsville,Los Indios,pasajeros,general,no delay,5,2,At 1:00 pm CDT,Open,norte
2026-08-19T19:12:11+00:00,535503,Mexican Border,Brownsville,Los Indios,carga,general,no delay,0,1,At 1:00 pm CDT,Open,norte
2026-08-19T19:12:11+00:00,535502,Mexican Border,Brownsville,Veterans International,pasajeros,general,delay,15,1,At 1:00 pm CDT,Open,norte
2026-08-19T19:12:11+00:00,535502,Mexican Border,Brownsville,Veterans International,pasajeros,sentri,no delay,0,2,At 1:00 pm CDT,Open,norte
2026-08-19T19:12:11+00:00,535502,Mexican Border,Brownsville,Veterans International,pasajeros,ready,delay,15,2,At 1:00 pm CDT,Open,norte
2026-08-19T19:12:11+00:00,535502,Mexican Border,Brownsville,Veterans International,peatones,general,no delay,0,1,At 1:00 pm CDT,Open,norte
2026-08-19T19:12:11+00:00,535502,Mexican Border,Brownsville,Veterans International,carga,general,delay,120,2,At 1:00 pm CDT,Open,norte
2026-08-19T19:12:11+00:00,535502,Mexican Border,Brownsville,Veterans International,carga,fast,no delay,0,1,At 1:00 pm CDT,Open,norte
2026-08-19T19:12:11+00:00,250302,Mexican Border,Calexico,West,pasajeros,general,delay,90,3,At Noon PDT,Open,norte
2026-08-19T19:12:11+00:00,250302,Mexican Border,Calexico,West,pasajeros,sentri,delay,20,3,At Noon PDT,Open,norte
2026-08-19T19:12:11+00:00,250302,Mexican Border,Calexico,West,pasajeros,ready,delay,90,4,At Noon PDT,Open,norte
2026-08-19T19:12:11+00:00,250302,Mexican Border,Calexico,West,peatones,general,delay,30,3,At Noon PDT,Open,norte
2026-08-19T19:12:11+00:00,250302,Mexican Border,Calexico,West,peatones,ready,delay,30,3,At Noon PDT,Open,norte
2026-08-19T19:12:11+00:00,240601,Mexican Border,Columbus,,pasajeros,general,delay,15,1,At 1:00 pm MDT,Open,norte
2026-08-19T19:12:11+00:00,240601,Mexican Border,Columbus,,peatones,general,no delay,1,1,At 1:00 pm MDT,Open,norte
2026-08-19T19:12:11+00:00,240601,Mexican Border,Columbus,,carga,general,Lanes Closed,,,,Open,norte
2026-08-19T19:12:11+00:00,230201,Mexican Border,Del Rio,,pasajeros,general,delay,25,1,At 1:00 pm CDT,Open,norte
2026-08-19T19:12:11+00:00,230201,Mexican Border,Del Rio,,pasajeros,sentri,no delay,0,1,At 1:00 pm CDT,Open,norte
2026-08-19T19:12:11+00:00,230201,Mexican Border,Del Rio,,pasajeros,ready,delay,25,2,At 1:00 pm CDT,Open,norte
2026-08-19T19:12:11+00:00,230201,Mexican Border,Del Rio,,carga,general,no delay,0,1,At 1:00 pm CDT,Open,norte
2026-08-19T19:12:11+00:00,260101,Mexican Border,Douglas (Raul Hector Castro),,pasajeros,general,delay,60,4,At Noon PST,Open,norte
2026-08-19T19:12:11+00:00,260101,Mexican Border,Douglas (Raul Hector Castro),,pasajeros,sentri,no delay,1,1,At Noon PST,Open,norte
2026-08-19T19:12:11+00:00,260101,Mexican Border,Douglas (Raul Hector Castro),,peatones,general,no delay,1,2,At Noon PST,Open,norte
2026-08-19T19:12:11+00:00,260101,Mexican Border,Douglas (Raul Hector Castro),,carga,general,no delay,1,1,At Noon PST,Open,norte
2026-08-19T19:12:11+00:00,230301,Mexican Border,Eagle Pass,Bridge I,pasajeros,general,delay,60,2,At 2:00 pm CDT,Open,norte
2026-08-19T19:12:11+00:00,230302,Mexican Border,Eagle Pass,Bridge II,pasajeros,general,delay,45,4,At 2:00 pm CDT,Open,norte
2026-08-19T19:12:11+00:00,230302,Mexican Border,Eagle Pass,Bridge II,pasajeros,sentri,no delay,5,1,At 2:00 pm CDT,Open,norte
2026-08-19T19:12:11+00:00,240201,Mexican Border,El Paso,Bridge of the Americas (BOTA),pasajeros,general,delay,45,3,At Noon MDT,Open,norte
2026-08-19T19:12:11+00:00,240201,Mexican Border,El Paso,Bridge of the Americas (BOTA),pasajeros,ready,delay,45,6,At Noon MDT,Open,norte
2026-08-19T19:12:11+00:00,240201,Mexican Border,El Paso,Bridge of the Americas (BOTA),peatones,general,no delay,5,2,At Noon MDT,Open,norte
2026-08-19T19:12:11+00:00,240201,Mexican Border,El Paso,Bridge of the Americas (BOTA),carga,general,delay,15,2,At Noon MDT,Open,norte
2026-08-19T19:12:11+00:00,240201,Mexican Border,El Paso,Bridge of the Americas (BOTA),carga,fast,delay,10,2,At Noon MDT,Open,norte
2026-08-19T19:12:11+00:00,240202,Mexican Border,El Paso,Paso Del Norte (PDN),pasajeros,general,delay,38,1,At 1:00 pm MDT,Open,norte
2026-08-19T19:12:11+00:00,240202,Mexican Border,El Paso,Paso Del Norte (PDN),pasajeros,sentri,no delay,3,1,At 1:00 pm MDT,Open,norte
2026-08-19T19:12:11+00:00,240202,Mexican Border,El Paso,Paso Del Norte (PDN),pasajeros,ready,delay,35,3,At 1:00 pm MDT,Open,norte
2026-08-19T19:12:11+00:00,240202,Mexican Border,El Paso,Paso Del Norte (PDN),peatones,general,no delay,5,2,At 1:00 pm MDT,Open,norte
2026-08-19T19:12:11+00:00,240202,Mexican Border,El Paso,Paso Del Norte (PDN),peatones,ready,no delay,5,4,At 1:00 pm MDT,Open,norte
2026-08-19T19:12:11+00:00,240203,Mexican Border,El Paso,Ysleta,pasajeros,sentri,no delay,5,3,At Noon MDT,Open,norte
2026-08-19T19:12:11+00:00,240203,Mexican Border,El Paso,Ysleta,pasajeros,ready,delay,55,4,At Noon MDT,Open,norte
2026-08-19T19:12:11+00:00,240203,Mexican Border,El Paso,Ysleta,peatones,general,no delay,1,2,At Noon MDT,Open,norte
2026-08-19T19:12:11+00:00,240203,Mexican Border,El Paso,Ysleta,carga,general,delay,25,4,At Noon MDT,Open,norte
2026-08-19T19:12:11+00:00,240203,Mexican Border,El Paso,Ysleta,carga,fast,delay,10,3,At Noon MDT,Open,norte
2026-08-19T19:12:11+00:00,l24501,Mexican Border,Fort Hancock,Fort Hancock,pasajeros,general,no delay,5,1,At 1:00 pm MDT,Open,norte
2026-08-19T19:12:11+00:00,l24501,Mexican Border,Fort Hancock,Fort Hancock,peatones,general,no delay,0,1,At 1:00 pm MDT,Open,norte
2026-08-19T19:12:11+00:00,230401,Mexican Border,Laredo,Bridge I,pasajeros,sentri,no delay,5,3,At Noon CDT,Open,norte
2026-08-19T19:12:11+00:00,230401,Mexican Border,Laredo,Bridge I,peatones,general,no delay,0,2,At Noon CDT,Open,norte
2026-08-19T19:12:11+00:00,230401,Mexican Border,Laredo,Bridge I,peatones,ready,no delay,0,3,At Noon CDT,Open,norte
2026-08-19T19:12:11+00:00,230402,Mexican Border,Laredo,Bridge II,pasajeros,general,delay,30,7,At Noon CDT,Open,norte
2026-08-19T19:12:11+00:00,230402,Mexican Border,Laredo,Bridge II,pasajeros,ready,delay,25,7,At Noon CDT,Open,norte
2026-08-19T19:12:11+00:00,230403,Mexican Border,Laredo,Colombia Solidarity,pasajeros,general,delay,10,1,At Noon CDT,Open,norte
2026-08-19T19:12:11+00:00,230403,Mexican Border,Laredo,Colombia Solidarity,pasajeros,sentri,no delay,0,1,At Noon CDT,Open,norte
2026-08-19T19:12:11+00:00,230403,Mexican Border,Laredo,Colombia Solidarity,pasajeros,ready,no delay,5,1,At Noon CDT,Open,norte
2026-08-19T19:12:11+00:00,230403,Mexican Border,Laredo,Colombia Solidarity,carga,general,delay,30,3,At Noon CDT,Open,norte
2026-08-19T19:12:11+00:00,230403,Mexican Border,Laredo,Colombia Solidarity,carga,fast,no delay,0,2,At Noon CDT,Open,norte
2026-08-19T19:12:11+00:00,230404,Mexican Border,Laredo,World Trade Bridge,carga,general,delay,40,12,At Noon CDT,Open,norte
2026-08-19T19:12:11+00:00,230404,Mexican Border,Laredo,World Trade Bridge,carga,fast,no delay,0,4,At Noon CDT,Open,norte
2026-08-19T19:12:11+00:00,260201,Mexican Border,Lukeville,,pasajeros,general,no delay,0,1,At 11:00 am MST,Open,norte
2026-08-19T19:12:11+00:00,260201,Mexican Border,Lukeville,,pasajeros,ready,no delay,0,1,At 11:00 am MST,Open,norte
2026-08-19T19:12:11+00:00,260201,Mexican Border,Lukeville,,carga,general,no delay,0,1,At 11:00 am MST,Open,norte
2026-08-19T19:12:11+00:00,240401,Mexican Border,Marcelino Serna,Tornillo,pasajeros,general,delay,15,2,At Noon MDT,Open,norte
2026-08-19T19:12:11+00:00,240401,Mexican Border,Marcelino Serna,Tornillo,peatones,general,no delay,0,2,At Noon MDT,Open,norte
2026-08-19T19:12:11+00:00,240401,Mexican Border,Marcelino Serna,Tornillo,carga,general,no delay,5,1,At Noon MDT,Open,norte
2026-08-19T19:12:11+00:00,260301,Mexican Border,Naco,,pasajeros,general,no delay,5,1,At Noon PST,Open,norte
2026-08-19T19:12:11+00:00,260301,Mexican Border,Naco,,peatones,general,no delay,1,1,At Noon PST,Open,norte
2026-08-19T19:12:11+00:00,260301,Mexican Border,Naco,,carga,general,no delay,1,1,At Noon PST,Open,norte
2026-08-19T19:12:11+00:00,260401,Mexican Border,Nogales,Deconcini,pasajeros,general,delay,25,3,At 11:00 am MST,Open,norte
2026-08-19T19:12:11+00:00,260401,Mexican Border,Nogales,Deconcini,pasajeros,sentri,no delay,0,2,At 11:00 am MST,Open,norte
2026-08-19T19:12:11+00:00,260401,Mexican Border,Nogales,Deconcini,peatones,general,no delay,0,2,At 11:00 am MST,Open,norte
2026-08-19T19:12:11+00:00,260402,Mexican Border,Nogales,Mariposa,pasajeros,general,delay,20,5,At 11:00 am MST,Open,norte
2026-08-19T19:12:11+00:00,260402,Mexican Border,Nogales,Mariposa,peatones,general,no delay,0,2,At 11:00 am MST,Open,norte
2026-08-19T19:12:11+00:00,260402,Mexican Border,Nogales,Mariposa,carga,general,delay,20,2,At 11:00 am MST,Open,norte
2026-08-19T19:12:11+00:00,260402,Mexican Border,Nogales,Mariposa,carga,fast,delay,15,2,At 11:00 am MST,Open,norte
2026-08-19T19:12:11+00:00,260403,Mexican Border,Nogales,Morley Gate,peatones,general,no delay,0,2,At 11:00 am MST,Open,norte
2026-08-19T19:12:11+00:00,250602,Mexican Border,Otay Mesa,Commercial,carga,general,delay,40,5,At 11:00 am PDT,Open,norte
2026-08-19T19:12:11+00:00,250602,Mexican Border,Otay Mesa,Commercial,carga,fast,delay,20,3,At 11:00 am PDT,Open,norte
2026-08-19T19:12:11+00:00,250601,Mexican Border,Otay Mesa,Passenger,pasajeros,general,delay,170,2,At Noon PDT,Open,norte
2026-08-19T19:12:11+00:00,250601,Mexican Border,Otay Mesa,Passenger,pasajeros,sentri,delay,25,3,At Noon PDT,Open,norte
2026-08-19T19:12:11+00:00,250601,Mexican Border,Otay Mesa,Passenger,pasajeros,ready,delay,110,5,At Noon PDT,Open,norte
2026-08-19T19:12:11+00:00,250601,Mexican Border,Otay Mesa,Passenger,peatones,general,delay,45,6,At Noon PDT,Open,norte
2026-08-19T19:12:11+00:00,240301,Mexican Border,Presidio,PRESIDIO PORT OF ENTRY,pasajeros,general,delay,60,2,At 1:00 pm CDT,Open,norte
2026-08-19T19:12:11+00:00,240301,Mexican Border,Presidio,PRESIDIO PORT OF ENTRY,peatones,general,delay,10,1,At 1:00 pm CDT,Open,norte
2026-08-19T19:12:11+00:00,240301,Mexican Border,Presidio,PRESIDIO PORT OF ENTRY,carga,general,delay,10,1,At 1:00 pm CDT,Open,norte
2026-08-19T19:12:11+00:00,230901,Mexican Border,Progreso,Progreso International Bridge,pasajeros,general,delay,15,3,At 2:00 pm CDT,Open,norte
2026-08-19T19:12:11+00:00,230901,Mexican Border,Progreso,Progreso International Bridge,peatones,general,delay,20,3,At 2:00 pm CDT,Open,norte
2026-08-19T19:12:11+00:00,230901,Mexican Border,Progreso,Progreso International Bridge,carga,general,no delay,0,1,At 2:00 pm CDT,Open,norte
2026-08-19T19:12:11+00:00,230701,Mexican Border,Rio Grande City,,pasajeros,general,no delay,5,2,At 1:00 pm CDT,Open,norte
2026-08-19T19:12:11+00:00,230701,Mexican Border,Rio Grande City,,carga,general,no delay,0,1,At 1:00 pm CDT,Open,norte
2026-08-19T19:12:11+00:00,260802,Mexican Border,San Luis,San Luis II,carga,general,no delay,5,2,At Noon MST,Open,norte
2026-08-19T19:12:11+00:00,250401,Mexican Border,San Ysidro,,pasajeros,general,delay,115,5,At 11:00 am PDT,Open,norte
2026-08-19T19:12:11+00:00,250401,Mexican Border,San Ysidro,,pasajeros,sentri,delay,15,12,At 11:00 am PDT,Open,norte
2026-08-19T19:12:11+00:00,250401,Mexican Border,San Ysidro,,pasajeros,ready,delay,100,12,At 11:00 am PDT,Open,norte
2026-08-19T19:12:11+00:00,250401,Mexican Border,San Ysidro,,peatones,general,delay,30,20,At 11:00 am PDT,Open,norte
2026-08-19T19:12:11+00:00,250401,Mexican Border,San Ysidro,,peatones,ready,no delay,5,1,At 11:00 am PDT,Open,norte
2026-08-19T19:12:11+00:00,250407,Mexican Border,San Ysidro,PedWest,peatones,general,delay,45,2,At Noon PDT,Open,norte
2026-08-19T19:12:11+00:00,250407,Mexican Border,San Ysidro,PedWest,peatones,ready,delay,45,2,At Noon PDT,Open,norte
2026-08-19T19:12:11+00:00,240801,Mexican Border,Santa Teresa,Santa Teresa Port of Entry,pasajeros,general,delay,35,1,At 1:00 pm MDT,Open,norte
2026-08-19T19:12:11+00:00,240801,Mexican Border,Santa Teresa,Santa Teresa Port of Entry,pasajeros,ready,delay,30,1,At 1:00 pm MDT,Open,norte
2026-08-19T19:12:11+00:00,240801,Mexican Border,Santa Teresa,Santa Teresa Port of Entry,peatones,general,no delay,5,1,At 1:00 pm MDT,Open,norte
2026-08-19T19:12:11+00:00,240801,Mexican Border,Santa Teresa,Santa Teresa Port of Entry,carga,general,delay,15,1,At 1:00 pm MDT,Open,norte
2026-08-19T19:12:11+00:00,240801,Mexican Border,Santa Teresa,Santa Teresa Port of Entry,carga,fast,delay,10,1,At 1:00 pm MDT,Open,norte
2026-08-19T19:12:11+00:00,250501,Mexican Border,Tecate,,pasajeros,general,delay,60,2,At 11:00 am PDT,Open,norte
2026-08-19T19:12:11+00:00,250501,Mexican Border,Tecate,,peatones,general,no delay,5,2,At 11:00 am PDT,Open,norte
2026-08-19T19:12:11+00:00,250501,Mexican Border,Tecate,,carga,general,delay,15,2,At 11:00 am PDT,Open,norte
2026-08-19T19:12:11+00:00,SB-SY-I5,Mexican Border,San Ysidro sur (I-5),San Ysidro sur (I-5),pasajeros,general,ok,0,,08/19/2026 12:10pm,,sur
2026-08-19T19:12:11+00:00,SB-SY-I5,Mexican Border,San Ysidro sur (I-5),San Ysidro sur (I-5),pasajeros,pron15,ok,0,,08/19/2026 12:10pm,,sur
2026-08-19T19:12:11+00:00,SB-SY-I5,Mexican Border,San Ysidro sur (I-5),San Ysidro sur (I-5),pasajeros,pron30,ok,0,,08/19/2026 12:10pm,,sur
2026-08-19T19:12:11+00:00,SB-OM-905,Mexican Border,Otay Mesa sur (SR-905),Otay Mesa sur (SR-905),pasajeros,general,ok,0,,08/19/2026 12:10pm,,sur
2026-08-19T19:12:11+00:00,SB-OM-905,Mexican Border,Otay Mesa sur (SR-905),Otay Mesa sur (SR-905),pasajeros,pron15,ok,0,,08/19/2026 12:10pm,,sur
2026-08-19T19:12:11+00:00,SB-OM-905,Mexican Border,Otay Mesa sur (SR-905),Otay Mesa sur (SR-905),pasajeros,pron30,ok,0,,08/19/2026 12:10pm,,sur
2026-08-19T19:57:15+00:00,090104,Canadian Border,Buffalo/Niagara Falls,Lewiston Bridge,pasajeros,general,no delay,0,4,At 3:47 pm EDT,Open,norte
2026-08-19T19:57:15+00:00,090104,Canadian Border,Buffalo/Niagara Falls,Lewiston Bridge,carga,general,no delay,2,2,At 3:47 pm EDT,Open,norte
2026-08-19T19:57:15+00:00,090101,Canadian Border,Buffalo/Niagara Falls,Peace Bridge,pasajeros,general,no delay,2,6,At 3:47 pm EDT,Open,norte
2026-08-19T19:57:15+00:00,090101,Canadian Border,Buffalo/Niagara Falls,Peace Bridge,pasajeros,sentri,no delay,0,2,At 3:47 pm EDT,Open,norte
2026-08-19T19:57:15+00:00,090101,Canadian Border,Buffalo/Niagara Falls,Peace Bridge,carga,general,no delay,6,4,At 3:47 pm EDT,Open,norte
2026-08-19T19:57:15+00:00,090102,Canadian Border,Buffalo/Niagara Falls,Rainbow Bridge,pasajeros,general,no delay,2,2,At 3:47 pm EDT,Open,norte
2026-08-19T19:57:15+00:00,071201,Canadian Border,Champlain,,pasajeros,general,delay,15,4,At 3:00 pm EDT,Open,norte
2026-08-19T19:57:15+00:00,071201,Canadian Border,Champlain,,pasajeros,sentri,no delay,0,1,At 3:00 pm EDT,Open,norte
2026-08-19T19:57:15+00:00,071201,Canadian Border,Champlain,,carga,general,no delay,0,2,At 3:00 pm EDT,Open,norte
2026-08-19T19:57:15+00:00,071201,Canadian Border,Champlain,,carga,fast,no delay,0,1,At 3:00 pm EDT,Open,norte
2026-08-19T19:57:15+00:00,010601,Canadian Border,Houlton,,pasajeros,general,no delay,2,1,At 3:00 pm EDT,Open,norte
2026-08-19T19:57:15+00:00,010601,Canadian Border,Houlton,,carga,general,no delay,6,1,At 3:00 pm EDT,Open,norte
2026-08-19T19:57:15+00:00,360401,Canadian Border,International Falls,,pasajeros,general,no delay,0,1,At 4:00 pm CDT,Open,norte
2026-08-19T19:57:15+00:00,360401,Canadian Border,International Falls,,carga,general,no delay,0,1,At 4:00 pm CDT,Open,norte
2026-08-19T19:57:15+00:00,010401,Canadian Border,Jackman,,pasajeros,general,no delay,5,1,At 3:00 pm EDT,Open,norte
2026-08-19T19:57:15+00:00,302301,Canadian Border,Lynden,,pasajeros,general,delay,30,2,At Noon PDT,Open,norte
2026-08-19T19:57:15+00:00,302301,Canadian Border,Lynden,,pasajeros,sentri,no delay,0,1,At Noon PDT,Open,norte
2026-08-19T19:57:15+00:00,302301,Canadian Border,Lynden,,carga,general,no delay,5,1,At Noon PDT,Open,norte
2026-08-19T19:57:15+00:00,L01901,Canadian Border,Madawaska,,pasajeros,general,no delay,1,1,At 3:00 pm EDT,Open,norte
2026-08-19T19:57:15+00:00,L01901,Canadian Border,Madawaska,,carga,general,no delay,0,1,At 3:00 pm EDT,Open,norte
2026-08-19T19:57:15+00:00,070401,Canadian Border,Massena,,pasajeros,general,no delay,0,4,At 5:00 pm EDT,Open,norte
2026-08-19T19:57:15+00:00,070401,Canadian Border,Massena,,carga,general,no delay,0,1,At 5:00 pm EDT,Open,norte
2026-08-19T19:57:15+00:00,340101,Canadian Border,Pembina,,pasajeros,general,no delay,5,1,At 2:00 pm CDT,Open,norte
2026-08-19T19:57:15+00:00,340101,Canadian Border,Pembina,,carga,general,delay,10,2,At 2:00 pm CDT,Open,norte
2026-08-19T19:57:15+00:00,380301,Canadian Border,Sault Ste. Marie,International Bridge - SSM,pasajeros,general,no delay,5,2,At 4:00 pm EDT,Open,norte
2026-08-19T19:57:15+00:00,380301,Canadian Border,Sault Ste. Marie,International Bridge - SSM,carga,general,no delay,5,1,At 4:00 pm EDT,Open,norte
2026-08-19T19:57:15+00:00,535501,Mexican Border,Brownsville,B&M,pasajeros,general,delay,50,1,At 2:00 pm CDT,Open,norte
2026-08-19T19:57:15+00:00,535501,Mexican Border,Brownsville,B&M,pasajeros,ready,delay,50,2,At 2:00 pm CDT,Open,norte
2026-08-19T19:57:15+00:00,535501,Mexican Border,Brownsville,B&M,peatones,general,no delay,5,2,At 2:00 pm CDT,Open,norte
2026-08-19T19:57:15+00:00,535504,Mexican Border,Brownsville,Gateway,pasajeros,general,delay,10,1,At 2:00 pm CDT,Open,norte
2026-08-19T19:57:15+00:00,535504,Mexican Border,Brownsville,Gateway,pasajeros,ready,delay,10,3,At 2:00 pm CDT,Open,norte
2026-08-19T19:57:15+00:00,535504,Mexican Border,Brownsville,Gateway,peatones,general,no delay,5,3,At 2:00 pm CDT,Open,norte
2026-08-19T19:57:15+00:00,535503,Mexican Border,Brownsville,Los Indios,pasajeros,general,delay,15,2,At 2:00 pm CDT,Open,norte
2026-08-19T19:57:15+00:00,535503,Mexican Border,Brownsville,Los Indios,carga,general,no delay,0,1,At 2:00 pm CDT,Open,norte
2026-08-19T19:57:15+00:00,535502,Mexican Border,Brownsville,Veterans International,pasajeros,general,delay,15,1,At 2:00 pm CDT,Open,norte
2026-08-19T19:57:15+00:00,535502,Mexican Border,Brownsville,Veterans International,pasajeros,sentri,no delay,0,1,At 2:00 pm CDT,Open,norte
2026-08-19T19:57:15+00:00,535502,Mexican Border,Brownsville,Veterans International,pasajeros,ready,delay,15,2,At 2:00 pm CDT,Open,norte
2026-08-19T19:57:15+00:00,535502,Mexican Border,Brownsville,Veterans International,peatones,general,no delay,0,1,At 2:00 pm CDT,Open,norte
2026-08-19T19:57:15+00:00,535502,Mexican Border,Brownsville,Veterans International,carga,general,no delay,5,2,At 2:00 pm CDT,Open,norte
2026-08-19T19:57:15+00:00,535502,Mexican Border,Brownsville,Veterans International,carga,fast,no delay,0,1,At 2:00 pm CDT,Open,norte
2026-08-19T19:57:15+00:00,260101,Mexican Border,Douglas (Raul Hector Castro),,pasajeros,general,delay,40,3,At 1:00 pm PST,Open,norte
2026-08-19T19:57:15+00:00,260101,Mexican Border,Douglas (Raul Hector Castro),,pasajeros,sentri,no delay,1,1,At 1:00 pm PST,Open,norte
2026-08-19T19:57:15+00:00,260101,Mexican Border,Douglas (Raul Hector Castro),,peatones,general,delay,10,2,At 1:00 pm PST,Open,norte
2026-08-19T19:57:15+00:00,260101,Mexican Border,Douglas (Raul Hector Castro),,carga,general,no delay,1,1,At 1:00 pm PST,Open,norte
2026-08-19T19:57:15+00:00,240201,Mexican Border,El Paso,Bridge of the Americas (BOTA),pasajeros,general,delay,50,3,At 1:00 pm MDT,Open,norte
2026-08-19T19:57:15+00:00,240201,Mexican Border,El Paso,Bridge of the Americas (BOTA),pasajeros,ready,delay,50,6,At 1:00 pm MDT,Open,norte
2026-08-19T19:57:15+00:00,240201,Mexican Border,El Paso,Bridge of the Americas (BOTA),peatones,general,no delay,5,2,At 1:00 pm MDT,Open,norte
2026-08-19T19:57:15+00:00,240201,Mexican Border,El Paso,Bridge of the Americas (BOTA),carga,general,delay,10,2,At 1:00 pm MDT,Open,norte
2026-08-19T19:57:15+00:00,240201,Mexican Border,El Paso,Bridge of the Americas (BOTA),carga,fast,no delay,5,2,At 1:00 pm MDT,Open,norte
2026-08-19T19:57:15+00:00,240204,Mexican Border,El Paso,Stanton DCL,pasajeros,sentri,no delay,5,3,At 1:00 pm MDT,Open,norte
2026-08-19T19:57:15+00:00,240203,Mexican Border,El Paso,Ysleta,pasajeros,sentri,no delay,5,3,At 1:00 pm MDT,Open,norte
2026-08-19T19:57:15+00:00,240203,Mexican Border,El Paso,Ysleta,pasajeros,ready,delay,55,3,At 1:00 pm MDT,Open,norte
2026-08-19T19:57:15+00:00,240203,Mexican Border,El Paso,Ysleta,peatones,general,no delay,1,2,At 1:00 pm MDT,Open,norte
2026-08-19T19:57:15+00:00,240203,Mexican Border,El Paso,Ysleta,carga,general,delay,25,4,At 1:00 pm MDT,Open,norte
2026-08-19T19:57:15+00:00,240203,Mexican Border,El Paso,Ysleta,carga,fast,delay,10,3,At 1:00 pm MDT,Open,norte
2026-08-19T19:57:15+00:00,230503,Mexican Border,Hidalgo/Pharr,Anzalduas International Bridge,pasajeros,general,delay,50,2,At 1:00 pm CDT,Open,norte
2026-08-19T19:57:15+00:00,230503,Mexican Border,Hidalgo/Pharr,Anzalduas International Bridge,pasajeros,ready,delay,45,3,At 1:00 pm CDT,Open,norte
2026-08-19T19:57:15+00:00,230501,Mexican Border,Hidalgo/Pharr,Hidalgo,pasajeros,general,delay,55,2,At 1:00 pm CDT,Open,norte
2026-08-19T19:57:15+00:00,230501,Mexican Border,Hidalgo/Pharr,Hidalgo,pasajeros,sentri,no delay,5,2,At 1:00 pm CDT,Open,norte
2026-08-19T19:57:15+00:00,230501,Mexican Border,Hidalgo/Pharr,Hidalgo,pasajeros,ready,delay,50,2,At 1:00 pm CDT,Open,norte
2026-08-19T19:57:15+00:00,230501,Mexican Border,Hidalgo/Pharr,Hidalgo,peatones,general,no delay,5,5,At 1:00 pm CDT,Open,norte
2026-08-19T19:57:15+00:00,230502,Mexican Border,Hidalgo/Pharr,Pharr,carga,general,delay,15,6,At 2:00 pm CDT,Open,norte
2026-08-19T19:57:15+00:00,230502,Mexican Border,Hidalgo/Pharr,Pharr,carga,fast,delay,10,1,At 2:00 pm CDT,Open,norte
2026-08-19T19:57:15+00:00,240401,Mexican Border,Marcelino Serna,Tornillo,pasajeros,general,delay,20,3,At 1:00 pm MDT,Open,norte
2026-08-19T19:57:15+00:00,240401,Mexican Border,Marcelino Serna,Tornillo,peatones,general,no delay,0,2,At 1:00 pm MDT,Open,norte
2026-08-19T19:57:15+00:00,240401,Mexican Border,Marcelino Serna,Tornillo,carga,general,no delay,5,1,At 1:00 pm MDT,Open,norte
2026-08-19T19:57:15+00:00,260301,Mexican Border,Naco,,pasajeros,general,delay,10,1,At 1:00 pm PST,Open,norte
2026-08-19T19:57:15+00:00,260301,Mexican Border,Naco,,peatones,general,no delay,1,1,At 1:00 pm PST,Open,norte
2026-08-19T19:57:15+00:00,260301,Mexican Border,Naco,,carga,general,no delay,1,1,At 1:00 pm PST,Open,norte
2026-08-19T19:57:15+00:00,260401,Mexican Border,Nogales,Deconcini,pasajeros,general,delay,20,3,At Noon MST,Open,norte
2026-08-19T19:57:15+00:00,260401,Mexican Border,Nogales,Deconcini,pasajeros,sentri,no delay,0,2,At Noon MST,Open,norte
2026-08-19T19:57:15+00:00,260401,Mexican Border,Nogales,Deconcini,peatones,general,no delay,0,3,At Noon MST,Open,norte
2026-08-19T19:57:15+00:00,260402,Mexican Border,Nogales,Mariposa,pasajeros,general,delay,20,5,At Noon MST,Open,norte
2026-08-19T19:57:15+00:00,260402,Mexican Border,Nogales,Mariposa,peatones,general,no delay,0,2,At Noon MST,Open,norte
2026-08-19T19:57:15+00:00,260402,Mexican Border,Nogales,Mariposa,carga,general,no delay,0,4,At Noon MST,Open,norte
2026-08-19T19:57:15+00:00,260402,Mexican Border,Nogales,Mariposa,carga,fast,no delay,0,2,At Noon MST,Open,norte
2026-08-19T19:57:15+00:00,260403,Mexican Border,Nogales,Morley Gate,peatones,general,no delay,0,2,At Noon MST,Open,norte
2026-08-19T19:57:15+00:00,250602,Mexican Border,Otay Mesa,Commercial,carga,general,delay,40,5,At Noon PDT,Open,norte
2026-08-19T19:57:15+00:00,250602,Mexican Border,Otay Mesa,Commercial,carga,fast,delay,20,3,At Noon PDT,Open,norte
2026-08-19T19:57:15+00:00,250601,Mexican Border,Otay Mesa,Passenger,pasajeros,general,delay,170,2,At 1:00 pm PDT,Open,norte
2026-08-19T19:57:15+00:00,250601,Mexican Border,Otay Mesa,Passenger,pasajeros,sentri,delay,25,3,At 1:00 pm PDT,Open,norte
2026-08-19T19:57:15+00:00,250601,Mexican Border,Otay Mesa,Passenger,pasajeros,ready,delay,100,5,At 1:00 pm PDT,Open,norte
2026-08-19T19:57:15+00:00,250601,Mexican Border,Otay Mesa,Passenger,peatones,general,delay,45,6,At 1:00 pm PDT,Open,norte
2026-08-19T19:57:15+00:00,240301,Mexican Border,Presidio,PRESIDIO PORT OF ENTRY,pasajeros,general,delay,20,2,At 3:00 pm CDT,Open,norte
2026-08-19T19:57:15+00:00,240301,Mexican Border,Presidio,PRESIDIO PORT OF ENTRY,peatones,general,no delay,0,1,At 3:00 pm CDT,Open,norte
2026-08-19T19:57:15+00:00,240301,Mexican Border,Presidio,PRESIDIO PORT OF ENTRY,carga,general,no delay,0,1,At 3:00 pm CDT,Open,norte
2026-08-19T19:57:15+00:00,260802,Mexican Border,San Luis,San Luis II,carga,general,no delay,5,2,At 1:00 pm MST,Open,norte
2026-08-19T19:57:15+00:00,250501,Mexican Border,Tecate,,pasajeros,general,delay,60,2,At Noon PDT,Open,norte
2026-08-19T19:57:15+00:00,250501,Mexican Border,Tecate,,peatones,general,no delay,5,2,At Noon PDT,Open,norte
2026-08-19T19:57:15+00:00,250501,Mexican Border,Tecate,,carga,general,delay,15,2,At Noon PDT,Open,norte
2026-08-19T19:57:15+00:00,SB-SY-I5,Mexican Border,San Ysidro sur (I-5),San Ysidro sur (I-5),pasajeros,general,ok,0,,08/19/2026 12:55pm,,sur
2026-08-19T19:57:15+00:00,SB-SY-I5,Mexican Border,San Ysidro sur (I-5),San Ysidro sur (I-5),pasajeros,pron15,ok,0,,08/19/2026 12:55pm,,sur
2026-08-19T19:57:15+00:00,SB-SY-I5,Mexican Border,San Ysidro sur (I-5),San Ysidro sur (I-5),pasajeros,pron30,ok,0,,08/19/2026 12:55pm,,sur
2026-08-19T19:57:15+00:00,SB-OM-905,Mexican Border,Otay Mesa sur (SR-905),Otay Mesa sur (SR-905),pasajeros,general,ok,0,,08/19/2026 12:55pm,,sur
2026-08-19T19:57:15+00:00,SB-OM-905,Mexican Border,Otay Mesa sur (SR-905),Otay Mesa sur (SR-905),pasajeros,pron15,ok,0,,08/19/2026 12:55pm,,sur
2026-08-19T19:57:15+00:00,SB-OM-905,Mexican Border,Otay Mesa sur (SR-905),Otay Mesa sur (SR-905),pasajeros,pron30,ok,0,,08/19/2026 12:55pm,,sur
2026-08-19T20:58:40+00:00,300401,Canadian Border,Blaine,Pacific Highway,pasajeros,general,delay,45,3,At 1:00 pm PDT,Open,norte
2026-08-19T20:58:40+00:00,300401,Canadian Border,Blaine,Pacific Highway,pasajeros,sentri,no delay,0,1,At 1:00 pm PDT,Open,norte
2026-08-19T20:58:40+00:00,300401,Canadian Border,Blaine,Pacific Highway,carga,general,no delay,0,3,At 1:00 pm PDT,Open,norte
2026-08-19T20:58:40+00:00,300402,Canadian Border,Blaine,Peace Arch,pasajeros,general,delay,30,4,At 1:00 pm PDT,Open,norte
2026-08-19T20:58:40+00:00,300402,Canadian Border,Blaine,Peace Arch,pasajeros,sentri,no delay,0,1,At 1:00 pm PDT,Open,norte
2026-08-19T20:58:40+00:00,090104,Canadian Border,Buffalo/Niagara Falls,Lewiston Bridge,pasajeros,general,delay,11,3,At 4:37 pm EDT,Open,norte
2026-08-19T20:58:40+00:00,090104,Canadian Border,Buffalo/Niagara Falls,Lewiston Bridge,carga,general,no delay,2,2,At 4:37 pm EDT,Open,norte
2026-08-19T20:58:40+00:00,090101,Canadian Border,Buffalo/Niagara Falls,Peace Bridge,pasajeros,general,no delay,4,5,At 4:37 pm EDT,Open,norte
2026-08-19T20:58:40+00:00,090101,Canadian Border,Buffalo/Niagara Falls,Peace Bridge,pasajeros,sentri,no delay,0,1,At 4:37 pm EDT,Open,norte
2026-08-19T20:58:40+00:00,090101,Canadian Border,Buffalo/Niagara Falls,Peace Bridge,carga,general,no delay,4,4,At 4:37 pm EDT,Open,norte
2026-08-19T20:58:40+00:00,090102,Canadian Border,Buffalo/Niagara Falls,Rainbow Bridge,pasajeros,general,no delay,3,5,At 4:37 pm EDT,Open,norte
2026-08-19T20:58:40+00:00,380001,Canadian Border,Detroit,Ambassador Bridge,pasajeros,general,no delay,0,3,At 4:00 pm EDT,Open,norte
2026-08-19T20:58:40+00:00,380001,Canadian Border,Detroit,Ambassador Bridge,pasajeros,sentri,no delay,0,1,At 4:00 pm EDT,Open,norte
2026-08-19T20:58:40+00:00,380001,Canadian Border,Detroit,Ambassador Bridge,carga,general,delay,10,4,At 4:00 pm EDT,Open,norte
2026-08-19T20:58:40+00:00,380001,Canadian Border,Detroit,Ambassador Bridge,carga,fast,no delay,0,2,At 4:00 pm EDT,Open,norte
2026-08-19T20:58:40+00:00,380102,Canadian Border,Detroit,Gordie Howe International Bridge,pasajeros,general,no delay,5,7,At 4:00 pm EDT,Open,norte
2026-08-19T20:58:40+00:00,380102,Canadian Border,Detroit,Gordie Howe International Bridge,pasajeros,sentri,no delay,0,1,At 4:00 pm EDT,Open,norte
2026-08-19T20:58:40+00:00,380102,Canadian Border,Detroit,Gordie Howe International Bridge,peatones,general,no delay,0,2,At 4:00 pm EDT,Open,norte
2026-08-19T20:58:40+00:00,380102,Canadian Border,Detroit,Gordie Howe International Bridge,carga,general,delay,15,3,At 4:00 pm EDT,Open,norte
2026-08-19T20:58:40+00:00,380102,Canadian Border,Detroit,Gordie Howe International Bridge,carga,fast,no delay,0,1,At 4:00 pm EDT,Open,norte
2026-08-19T20:58:40+00:00,380002,Canadian Border,Detroit,Windsor Tunnel,pasajeros,general,no delay,0,4,At 4:00 pm EDT,Open,norte
2026-08-19T20:58:40+00:00,380002,Canadian Border,Detroit,Windsor Tunnel,pasajeros,sentri,no delay,0,1,At 4:00 pm EDT,Open,norte
2026-08-19T20:58:40+00:00,380002,Canadian Border,Detroit,Windsor Tunnel,carga,general,Lanes Closed,,,,Open,norte
2026-08-19T20:58:40+00:00,021201,Canadian Border,Highgate Springs,,pasajeros,general,no delay,0,1,At 4:00 pm EDT,Open,norte
2026-08-19T20:58:40+00:00,010601,Canadian Border,Houlton,,pasajeros,general,no delay,3,1,At 4:00 pm EDT,Open,norte
2026-08-19T20:58:40+00:00,010601,Canadian Border,Houlton,,carga,general,no delay,2,1,At 4:00 pm EDT,Open,norte
2026-08-19T20:58:40+00:00,010401,Canadian Border,Jackman,,pasajeros,general,no delay,0,1,At 5:00 pm EDT,Open,norte
2026-08-19T20:58:40+00:00,010401,Canadian Border,Jackman,,carga,general,no delay,0,1,At 5:00 pm EDT,Open,norte
2026-08-19T20:58:40+00:00,L01901,Canadian Border,Madawaska,,pasajeros,general,no delay,4,1,At 4:00 pm EDT,Open,norte
2026-08-19T20:58:40+00:00,L01901,Canadian Border,Madawaska,,carga,general,no delay,0,1,At 4:00 pm EDT,Open,norte
2026-08-19T20:58:40+00:00,070401,Canadian Border,Massena,,pasajeros,general,no delay,0,4,At 6:00 pm EDT,Open,norte
2026-08-19T20:58:40+00:00,070401,Canadian Border,Massena,,carga,general,no delay,0,1,At 6:00 pm EDT,Open,norte
2026-08-19T20:58:40+00:00,340101,Canadian Border,Pembina,,pasajeros,general,no delay,5,1,At 3:00 pm CDT,Open,norte
2026-08-19T20:58:40+00:00,340101,Canadian Border,Pembina,,carga,general,delay,20,1,At 3:00 pm CDT,Open,norte
2026-08-19T20:58:40+00:00,380201,Canadian Border,Port Huron,Bluewater Bridge,pasajeros,general,no delay,5,4,At 4:00 pm EST,Open,norte
2026-08-19T20:58:40+00:00,380201,Canadian Border,Port Huron,Bluewater Bridge,pasajeros,sentri,no delay,0,1,At 4:00 pm EST,Open,norte
2026-08-19T20:58:40+00:00,380201,Canadian Border,Port Huron,Bluewater Bridge,carga,general,delay,11,5,At 4:00 pm EST,Open,norte
2026-08-19T20:58:40+00:00,380201,Canadian Border,Port Huron,Bluewater Bridge,carga,fast,no delay,5,1,At 4:00 pm EST,Open,norte
2026-08-19T20:58:40+00:00,380301,Canadian Border,Sault Ste. Marie,International Bridge - SSM,pasajeros,general,no delay,0,2,At 5:00 pm EDT,Open,norte
2026-08-19T20:58:40+00:00,380301,Canadian Border,Sault Ste. Marie,International Bridge - SSM,carga,general,no delay,0,1,At 5:00 pm EDT,Open,norte
2026-08-19T20:58:40+00:00,250201,Mexican Border,Andrade,,pasajeros,general,no delay,5,2,At 1:00 pm PDT,Open,norte
2026-08-19T20:58:40+00:00,250201,Mexican Border,Andrade,,peatones,general,no delay,0,2,At 1:00 pm PDT,Open,norte
2026-08-19T20:58:40+00:00,535501,Mexican Border,Brownsville,B&M,pasajeros,general,delay,60,1,At 4:00 pm CDT,Open,norte
2026-08-19T20:58:40+00:00,535501,Mexican Border,Brownsville,B&M,pasajeros,ready,delay,60,2,At 4:00 pm CDT,Open,norte
2026-08-19T20:58:40+00:00,535501,Mexican Border,Brownsville,B&M,peatones,general,no delay,5,1,At 4:00 pm CDT,Open,norte
2026-08-19T20:58:40+00:00,535504,Mexican Border,Brownsville,Gateway,pasajeros,general,no delay,5,1,At 4:00 pm CDT,Open,norte
2026-08-19T20:58:40+00:00,535504,Mexican Border,Brownsville,Gateway,pasajeros,ready,no delay,5,3,At 4:00 pm CDT,Open,norte
2026-08-19T20:58:40+00:00,535504,Mexican Border,Brownsville,Gateway,peatones,general,delay,10,2,At 4:00 pm CDT,Open,norte
2026-08-19T20:58:40+00:00,535503,Mexican Border,Brownsville,Los Indios,pasajeros,general,no delay,5,2,At 4:00 pm CDT,Open,norte
2026-08-19T20:58:40+00:00,535503,Mexican Border,Brownsville,Los Indios,carga,general,no delay,0,1,At 4:00 pm CDT,Open,norte
2026-08-19T20:58:40+00:00,535502,Mexican Border,Brownsville,Veterans International,pasajeros,general,delay,10,1,At 4:00 pm CDT,Open,norte
2026-08-19T20:58:40+00:00,535502,Mexican Border,Brownsville,Veterans International,pasajeros,sentri,no delay,5,2,At 4:00 pm CDT,Open,norte
2026-08-19T20:58:40+00:00,535502,Mexican Border,Brownsville,Veterans International,pasajeros,ready,delay,10,2,At 4:00 pm CDT,Open,norte
2026-08-19T20:58:40+00:00,535502,Mexican Border,Brownsville,Veterans International,peatones,general,no delay,0,1,At 4:00 pm CDT,Open,norte
2026-08-19T20:58:40+00:00,535502,Mexican Border,Brownsville,Veterans International,carga,general,no delay,5,2,At 4:00 pm CDT,Open,norte
2026-08-19T20:58:40+00:00,535502,Mexican Border,Brownsville,Veterans International,carga,fast,no delay,0,1,At 4:00 pm CDT,Open,norte
2026-08-19T20:58:40+00:00,250302,Mexican Border,Calexico,West,pasajeros,general,delay,90,3,At 1:00 pm PDT,Open,norte
2026-08-19T20:58:40+00:00,250302,Mexican Border,Calexico,West,pasajeros,sentri,no delay,5,4,At 1:00 pm PDT,Open,norte
2026-08-19T20:58:40+00:00,250302,Mexican Border,Calexico,West,pasajeros,ready,delay,90,3,At 1:00 pm PDT,Open,norte
2026-08-19T20:58:40+00:00,250302,Mexican Border,Calexico,West,peatones,general,delay,30,3,At 1:00 pm PDT,Open,norte
2026-08-19T20:58:40+00:00,250302,Mexican Border,Calexico,West,peatones,ready,delay,30,3,At 1:00 pm PDT,Open,norte
2026-08-19T20:58:40+00:00,240601,Mexican Border,Columbus,,pasajeros,general,no delay,1,1,At 2:00 pm MDT,Open,norte
2026-08-19T20:58:40+00:00,240601,Mexican Border,Columbus,,peatones,general,no delay,1,1,At 2:00 pm MDT,Open,norte
2026-08-19T20:58:40+00:00,230201,Mexican Border,Del Rio,,pasajeros,general,no delay,5,1,At 3:00 pm CDT,Open,norte
2026-08-19T20:58:40+00:00,230201,Mexican Border,Del Rio,,pasajeros,sentri,no delay,0,1,At 3:00 pm CDT,Open,norte
2026-08-19T20:58:40+00:00,230201,Mexican Border,Del Rio,,pasajeros,ready,no delay,5,2,At 3:00 pm CDT,Open,norte
2026-08-19T20:58:40+00:00,230201,Mexican Border,Del Rio,,carga,general,no delay,0,1,At 3:00 pm CDT,Open,norte
2026-08-19T20:58:40+00:00,260101,Mexican Border,Douglas (Raul Hector Castro),,pasajeros,general,delay,40,3,At 2:00 pm PST,Open,norte
2026-08-19T20:58:40+00:00,260101,Mexican Border,Douglas (Raul Hector Castro),,pasajeros,sentri,no delay,1,1,At 2:00 pm PST,Open,norte
2026-08-19T20:58:40+00:00,260101,Mexican Border,Douglas (Raul Hector Castro),,peatones,general,no delay,1,2,At 2:00 pm PST,Open,norte
2026-08-19T20:58:40+00:00,260101,Mexican Border,Douglas (Raul Hector Castro),,carga,general,no delay,1,1,At 2:00 pm PST,Open,norte
2026-08-19T20:58:40+00:00,230301,Mexican Border,Eagle Pass,Bridge I,pasajeros,general,Lanes Closed,,,,Open,norte
2026-08-19T20:58:40+00:00,230301,Mexican Border,Eagle Pass,Bridge I,pasajeros,ready,delay,60,2,At 3:00 pm CDT,Open,norte
2026-08-19T20:58:40+00:00,230302,Mexican Border,Eagle Pass,Bridge II,pasajeros,general,delay,60,2,At 3:00 pm CDT,Open,norte
2026-08-19T20:58:40+00:00,230302,Mexican Border,Eagle Pass,Bridge II,pasajeros,sentri,no delay,5,1,At 3:00 pm CDT,Open,norte
2026-08-19T20:58:40+00:00,230302,Mexican Border,Eagle Pass,Bridge II,carga,general,delay,60,1,At 3:00 pm CDT,Open,norte
2026-08-19T20:58:40+00:00,240201,Mexican Border,El Paso,Bridge of the Americas (BOTA),pasajeros,general,delay,50,3,At 2:00 pm MDT,Open,norte
2026-08-19T20:58:40+00:00,240201,Mexican Border,El Paso,Bridge of the Americas (BOTA),pasajeros,ready,delay,50,7,At 2:00 pm MDT,Open,norte
2026-08-19T20:58:40+00:00,240201,Mexican Border,El Paso,Bridge of the Americas (BOTA),peatones,general,no delay,5,2,At 2:00 pm MDT,Open,norte
2026-08-19T20:58:40+00:00,240201,Mexican Border,El Paso,Bridge of the Americas (BOTA),carga,general,Lanes Closed,,,,Open,norte
2026-08-19T20:58:40+00:00,240201,Mexican Border,El Paso,Bridge of the Americas (BOTA),carga,fast,Lanes Closed,,,,Open,norte
2026-08-19T20:58:40+00:00,240202,Mexican Border,El Paso,Paso Del Norte (PDN),pasajeros,general,delay,38,1,At 2:00 pm MDT,Open,norte
2026-08-19T20:58:40+00:00,240202,Mexican Border,El Paso,Paso Del Norte (PDN),pasajeros,sentri,no delay,5,1,At 2:00 pm MDT,Open,norte
2026-08-19T20:58:40+00:00,240202,Mexican Border,El Paso,Paso Del Norte (PDN),pasajeros,ready,delay,35,4,At 2:00 pm MDT,Open,norte
2026-08-19T20:58:40+00:00,240202,Mexican Border,El Paso,Paso Del Norte (PDN),peatones,general,no delay,5,2,At 2:00 pm MDT,Open,norte
2026-08-19T20:58:40+00:00,240202,Mexican Border,El Paso,Paso Del Norte (PDN),peatones,ready,no delay,5,4,At 2:00 pm MDT,Open,norte
2026-08-19T20:58:40+00:00,240204,Mexican Border,El Paso,Stanton DCL,pasajeros,sentri,no delay,5,2,At 2:00 pm MDT,Open,norte
2026-08-19T20:58:40+00:00,240203,Mexican Border,El Paso,Ysleta,pasajeros,sentri,no delay,5,3,At 2:00 pm MDT,Open,norte
2026-08-19T20:58:40+00:00,240203,Mexican Border,El Paso,Ysleta,pasajeros,ready,delay,55,3,At 2:00 pm MDT,Open,norte
2026-08-19T20:58:40+00:00,240203,Mexican Border,El Paso,Ysleta,peatones,general,no delay,1,2,At 2:00 pm MDT,Open,norte
2026-08-19T20:58:40+00:00,240203,Mexican Border,El Paso,Ysleta,carga,general,delay,25,5,At 2:00 pm MDT,Open,norte
2026-08-19T20:58:40+00:00,240203,Mexican Border,El Paso,Ysleta,carga,fast,delay,10,3,At 2:00 pm MDT,Open,norte
2026-08-19T20:58:40+00:00,l24501,Mexican Border,Fort Hancock,Fort Hancock,pasajeros,general,no delay,5,1,At 2:00 pm MDT,Open,norte
2026-08-19T20:58:40+00:00,l24501,Mexican Border,Fort Hancock,Fort Hancock,peatones,general,no delay,0,1,At 2:00 pm MDT,Open,norte
2026-08-19T20:58:40+00:00,230503,Mexican Border,Hidalgo/Pharr,Anzalduas International Bridge,pasajeros,general,delay,50,2,At 3:00 pm CDT,Open,norte
2026-08-19T20:58:40+00:00,230503,Mexican Border,Hidalgo/Pharr,Anzalduas International Bridge,pasajeros,ready,delay,45,3,At 3:00 pm CDT,Open,norte
2026-08-19T20:58:40+00:00,230501,Mexican Border,Hidalgo/Pharr,Hidalgo,pasajeros,general,delay,30,2,At 3:00 pm CDT,Open,norte
2026-08-19T20:58:40+00:00,230501,Mexican Border,Hidalgo/Pharr,Hidalgo,pasajeros,sentri,no delay,5,2,At 3:00 pm CDT,Open,norte
2026-08-19T20:58:40+00:00,230501,Mexican Border,Hidalgo/Pharr,Hidalgo,pasajeros,ready,delay,25,2,At 3:00 pm CDT,Open,norte
2026-08-19T20:58:40+00:00,230501,Mexican Border,Hidalgo/Pharr,Hidalgo,peatones,general,no delay,5,4,At 3:00 pm CDT,Open,norte
2026-08-19T20:58:40+00:00,230502,Mexican Border,Hidalgo/Pharr,Pharr,carga,general,delay,10,5,At 3:00 pm CDT,Open,norte
2026-08-19T20:58:40+00:00,230502,Mexican Border,Hidalgo/Pharr,Pharr,carga,fast,no delay,5,1,At 3:00 pm CDT,Open,norte
2026-08-19T20:58:40+00:00,230401,Mexican Border,Laredo,Bridge I,pasajeros,sentri,delay,10,4,At 3:00 pm CDT,Open,norte
2026-08-19T20:58:40+00:00,230401,Mexican Border,Laredo,Bridge I,peatones,general,no delay,0,2,At 3:00 pm CDT,Open,norte
2026-08-19T20:58:40+00:00,230401,Mexican Border,Laredo,Bridge I,peatones,ready,no delay,0,3,At 3:00 pm CDT,Open,norte
2026-08-19T20:58:40+00:00,230402,Mexican Border,Laredo,Bridge II,pasajeros,general,delay,30,7,At 3:00 pm CDT,Open,norte
2026-08-19T20:58:40+00:00,230402,Mexican Border,Laredo,Bridge II,pasajeros,ready,delay,25,7,At 3:00 pm CDT,Open,norte
2026-08-19T20:58:40+00:00,230403,Mexican Border,Laredo,Colombia Solidarity,pasajeros,general,Lanes Closed,,,,Open,norte
2026-08-19T20:58:40+00:00,230403,Mexican Border,Laredo,Colombia Solidarity,pasajeros,sentri,no delay,0,1,At 3:00 pm CDT,Open,norte
2026-08-19T20:58:40+00:00,230403,Mexican Border,Laredo,Colombia Solidarity,pasajeros,ready,no delay,5,1,At 3:00 pm CDT,Open,norte
2026-08-19T20:58:40+00:00,230403,Mexican Border,Laredo,Colombia Solidarity,carga,general,no delay,0,3,At 3:00 pm CDT,Open,norte
2026-08-19T20:58:40+00:00,230403,Mexican Border,Laredo,Colombia Solidarity,carga,fast,no delay,0,2,At 3:00 pm CDT,Open,norte
2026-08-19T20:58:40+00:00,230404,Mexican Border,Laredo,World Trade Bridge,carga,general,delay,15,15,At 3:00 pm CDT,Open,norte
2026-08-19T20:58:40+00:00,230404,Mexican Border,Laredo,World Trade Bridge,carga,fast,no delay,0,4,At 3:00 pm CDT,Open,norte
2026-08-19T20:58:40+00:00,260201,Mexican Border,Lukeville,,pasajeros,general,no delay,5,1,At 1:00 pm MST,Open,norte
2026-08-19T20:58:40+00:00,260201,Mexican Border,Lukeville,,pasajeros,ready,Lanes Closed,,,,Open,norte
2026-08-19T20:58:40+00:00,260201,Mexican Border,Lukeville,,carga,general,no delay,0,1,At 1:00 pm MST,Open,norte
2026-08-19T20:58:40+00:00,240401,Mexican Border,Marcelino Serna,Tornillo,pasajeros,general,delay,15,2,At 2:00 pm MDT,Open,norte
2026-08-19T20:58:40+00:00,240401,Mexican Border,Marcelino Serna,Tornillo,peatones,general,no delay,0,2,At 2:00 pm MDT,Open,norte
2026-08-19T20:58:40+00:00,240401,Mexican Border,Marcelino Serna,Tornillo,carga,general,no delay,5,1,At 2:00 pm MDT,Open,norte
2026-08-19T20:58:40+00:00,260301,Mexican Border,Naco,,pasajeros,general,no delay,5,1,At 2:00 pm PST,Open,norte
2026-08-19T20:58:40+00:00,260301,Mexican Border,Naco,,peatones,general,no delay,1,1,At 2:00 pm PST,Open,norte
2026-08-19T20:58:40+00:00,260301,Mexican Border,Naco,,carga,general,no delay,1,1,At 2:00 pm PST,Open,norte
2026-08-19T20:58:40+00:00,260401,Mexican Border,Nogales,Deconcini,pasajeros,general,delay,10,3,At 2:00 pm MST,Open,norte
2026-08-19T20:58:40+00:00,260401,Mexican Border,Nogales,Deconcini,pasajeros,sentri,no delay,0,2,At 2:00 pm MST,Open,norte
2026-08-19T20:58:40+00:00,260401,Mexican Border,Nogales,Deconcini,peatones,general,no delay,0,2,At 2:00 pm MST,Open,norte
2026-08-19T20:58:40+00:00,260402,Mexican Border,Nogales,Mariposa,pasajeros,general,no delay,5,5,At 2:00 pm MST,Open,norte
2026-08-19T20:58:40+00:00,260402,Mexican Border,Nogales,Mariposa,peatones,general,no delay,0,2,At 2:00 pm MST,Open,norte
2026-08-19T20:58:40+00:00,260402,Mexican Border,Nogales,Mariposa,carga,general,no delay,0,4,At 2:00 pm MST,Open,norte
2026-08-19T20:58:40+00:00,260402,Mexican Border,Nogales,Mariposa,carga,fast,no delay,0,2,At 2:00 pm MST,Open,norte
2026-08-19T20:58:40+00:00,260403,Mexican Border,Nogales,Morley Gate,peatones,general,no delay,0,2,At 2:00 pm MST,Open,norte
2026-08-19T20:58:40+00:00,250602,Mexican Border,Otay Mesa,Commercial,carga,general,delay,40,5,At 1:00 pm PDT,Open,norte
2026-08-19T20:58:40+00:00,250602,Mexican Border,Otay Mesa,Commercial,carga,fast,delay,20,3,At 1:00 pm PDT,Open,norte
2026-08-19T20:58:40+00:00,250601,Mexican Border,Otay Mesa,Passenger,pasajeros,general,delay,170,2,At 2:00 pm PDT,Open,norte
2026-08-19T20:58:40+00:00,250601,Mexican Border,Otay Mesa,Passenger,pasajeros,sentri,delay,25,3,At 2:00 pm PDT,Open,norte
2026-08-19T20:58:40+00:00,250601,Mexican Border,Otay Mesa,Passenger,pasajeros,ready,delay,100,5,At 2:00 pm PDT,Open,norte
2026-08-19T20:58:40+00:00,250601,Mexican Border,Otay Mesa,Passenger,peatones,general,delay,45,6,At 2:00 pm PDT,Open,norte
2026-08-19T20:58:40+00:00,230701,Mexican Border,Rio Grande City,,pasajeros,general,no delay,0,2,At 3:00 pm CDT,Open,norte
2026-08-19T20:58:40+00:00,230701,Mexican Border,Rio Grande City,,carga,general,no delay,0,1,At 3:00 pm CDT,Open,norte
2026-08-19T20:58:40+00:00,250401,Mexican Border,San Ysidro,,pasajeros,general,delay,115,6,At 2:00 pm PDT,Open,norte
2026-08-19T20:58:40+00:00,250401,Mexican Border,San Ysidro,,pasajeros,sentri,delay,15,12,At 2:00 pm PDT,Open,norte
2026-08-19T20:58:40+00:00,250401,Mexican Border,San Ysidro,,pasajeros,ready,delay,100,12,At 2:00 pm PDT,Open,norte
2026-08-19T20:58:40+00:00,250401,Mexican Border,San Ysidro,,peatones,general,delay,30,20,At 2:00 pm PDT,Open,norte
2026-08-19T20:58:40+00:00,250401,Mexican Border,San Ysidro,,peatones,ready,no delay,5,1,At 2:00 pm PDT,Open,norte
2026-08-19T20:58:40+00:00,250409,Mexican Border,San Ysidro,Cross Border Express,peatones,general,no delay,1,7,At 2:00 pm PDT,Open,norte
2026-08-19T20:58:40+00:00,250409,Mexican Border,San Ysidro,Cross Border Express,peatones,ready,no delay,1,1,At 2:00 pm PDT,Open,norte
2026-08-19T20:58:40+00:00,250407,Mexican Border,San Ysidro,PedWest,peatones,general,delay,40,2,At 1:00 pm PDT,Open,norte
2026-08-19T20:58:40+00:00,250407,Mexican Border,San Ysidro,PedWest,peatones,ready,delay,40,2,At 1:00 pm PDT,Open,norte
2026-08-19T20:58:40+00:00,240801,Mexican Border,Santa Teresa,Santa Teresa Port of Entry,pasajeros,general,delay,25,1,At 3:00 pm MDT,Open,norte
2026-08-19T20:58:40+00:00,240801,Mexican Border,Santa Teresa,Santa Teresa Port of Entry,pasajeros,ready,delay,20,1,At 3:00 pm MDT,Open,norte
2026-08-19T20:58:40+00:00,240801,Mexican Border,Santa Teresa,Santa Teresa Port of Entry,peatones,general,no delay,5,1,At 3:00 pm MDT,Open,norte
2026-08-19T20:58:40+00:00,240801,Mexican Border,Santa Teresa,Santa Teresa Port of Entry,carga,general,delay,15,1,At 3:00 pm MDT,Open,norte
2026-08-19T20:58:40+00:00,240801,Mexican Border,Santa Teresa,Santa Teresa Port of Entry,carga,fast,delay,10,1,At 3:00 pm MDT,Open,norte
2026-08-19T20:58:40+00:00,250501,Mexican Border,Tecate,,pasajeros,general,delay,60,2,At 1:00 pm PDT,Open,norte
2026-08-19T20:58:40+00:00,250501,Mexican Border,Tecate,,peatones,general,delay,15,3,At 1:00 pm PDT,Open,norte
2026-08-19T20:58:40+00:00,250501,Mexican Border,Tecate,,carga,general,delay,15,2,At 1:00 pm PDT,Open,norte
2026-08-19T20:58:40+00:00,SB-SY-I5,Mexican Border,San Ysidro sur (I-5),San Ysidro sur (I-5),pasajeros,general,ok,0,,08/19/2026 1:55pm,,sur
2026-08-19T20:58:40+00:00,SB-SY-I5,Mexican Border,San Ysidro sur (I-5),San Ysidro sur (I-5),pasajeros,pron15,ok,0,,08/19/2026 1:55pm,,sur
2026-08-19T20:58:40+00:00,SB-SY-I5,Mexican Border,San Ysidro sur (I-5),San Ysidro sur (I-5),pasajeros,pron30,ok,0,,08/19/2026 1:55pm,,sur
2026-08-19T20:58:40+00:00,SB-OM-905,Mexican Border,Otay Mesa sur (SR-905),Otay Mesa sur (SR-905),pasajeros,general,ok,0,,08/19/2026 1:55pm,,sur
2026-08-19T20:58:40+00:00,SB-OM-905,Mexican Border,Otay Mesa sur (SR-905),Otay Mesa sur (SR-905),pasajeros,pron15,ok,0,,08/19/2026 1:55pm,,sur
2026-08-19T20:58:40+00:00,SB-OM-905,Mexican Border,Otay Mesa sur (SR-905),Otay Mesa sur (SR-905),pasajeros,pron30,ok,0,,08/19/2026 1:55pm,,sur
2026-08-19T21:55:04+00:00,300401,Canadian Border,Blaine,Pacific Highway,pasajeros,general,delay,20,4,At 2:00 pm PDT,Open,norte
2026-08-19T21:55:04+00:00,300401,Canadian Border,Blaine,Pacific Highway,pasajeros,sentri,no delay,0,1,At 2:00 pm PDT,Open,norte
2026-08-19T21:55:04+00:00,300401,Canadian Border,Blaine,Pacific Highway,carga,general,no delay,0,3,At 2:00 pm PDT,Open,norte
2026-08-19T21:55:04+00:00,300402,Canadian Border,Blaine,Peace Arch,pasajeros,general,delay,55,5,At 2:00 pm PDT,Open,norte
2026-08-19T21:55:04+00:00,300402,Canadian Border,Blaine,Peace Arch,pasajeros,sentri,no delay,0,1,At 2:00 pm PDT,Open,norte
2026-08-19T21:55:04+00:00,090104,Canadian Border,Buffalo/Niagara Falls,Lewiston Bridge,pasajeros,general,delay,18,3,At 5:37 pm EDT,Open,norte
2026-08-19T21:55:04+00:00,090104,Canadian Border,Buffalo/Niagara Falls,Lewiston Bridge,carga,general,delay,12,2,At 5:37 pm EDT,Open,norte
2026-08-19T21:55:04+00:00,090101,Canadian Border,Buffalo/Niagara Falls,Peace Bridge,pasajeros,general,no delay,6,5,At 5:37 pm EDT,Open,norte
2026-08-19T21:55:04+00:00,090101,Canadian Border,Buffalo/Niagara Falls,Peace Bridge,pasajeros,sentri,no delay,0,1,At 5:37 pm EDT,Open,norte
2026-08-19T21:55:04+00:00,090101,Canadian Border,Buffalo/Niagara Falls,Peace Bridge,carga,general,no delay,2,4,At 5:37 pm EDT,Open,norte
2026-08-19T21:55:04+00:00,090102,Canadian Border,Buffalo/Niagara Falls,Rainbow Bridge,pasajeros,general,no delay,2,5,At 5:37 pm EDT,Open,norte
2026-08-19T21:55:04+00:00,011501,Canadian Border,Calais,Ferry Point,pasajeros,general,no delay,0,1,At 6:00 pm EDT,Open,norte
2026-08-19T21:55:04+00:00,011503,Canadian Border,Calais,International Avenue,pasajeros,general,no delay,0,1,At 6:00 pm EDT,Open,norte
2026-08-19T21:55:04+00:00,011503,Canadian Border,Calais,International Avenue,carga,general,no delay,0,1,At 6:00 pm EDT,Open,norte
2026-08-19T21:55:04+00:00,011502,Canadian Border,Calais,Milltown,pasajeros,general,Lanes Closed,,,,Closed,norte
2026-08-19T21:55:04+00:00,020901,Canadian Border,Derby Line,Derby Line I-91,pasajeros,general,no delay,5,1,At 5:00 pm EDT,Open,norte
2026-08-19T21:55:04+00:00,020901,Canadian Border,Derby Line,Derby Line I-91,carga,general,no delay,0,1,At 5:00 pm EDT,Open,norte
2026-08-19T21:55:04+00:00,380001,Canadian Border,Detroit,Ambassador Bridge,pasajeros,general,no delay,0,3,At 5:00 pm EDT,Open,norte
2026-08-19T21:55:04+00:00,380001,Canadian Border,Detroit,Ambassador Bridge,pasajeros,sentri,no delay,0,1,At 5:00 pm EDT,Open,norte
2026-08-19T21:55:04+00:00,380001,Canadian Border,Detroit,Ambassador Bridge,carga,general,delay,35,5,At 5:00 pm EDT,Open,norte
2026-08-19T21:55:04+00:00,380001,Canadian Border,Detroit,Ambassador Bridge,carga,fast,no delay,0,2,At 5:00 pm EDT,Open,norte
2026-08-19T21:55:04+00:00,380102,Canadian Border,Detroit,Gordie Howe International Bridge,pasajeros,general,no delay,5,5,At 5:00 pm EDT,Open,norte
2026-08-19T21:55:04+00:00,380102,Canadian Border,Detroit,Gordie Howe International Bridge,pasajeros,sentri,no delay,0,1,At 5:00 pm EDT,Open,norte
2026-08-19T21:55:04+00:00,380102,Canadian Border,Detroit,Gordie Howe International Bridge,peatones,general,no delay,0,2,At 5:00 pm EDT,Open,norte
2026-08-19T21:55:04+00:00,380102,Canadian Border,Detroit,Gordie Howe International Bridge,carga,general,no delay,5,4,At 5:00 pm EDT,Open,norte
2026-08-19T21:55:04+00:00,380102,Canadian Border,Detroit,Gordie Howe International Bridge,carga,fast,no delay,0,1,At 5:00 pm EDT,Open,norte
2026-08-19T21:55:04+00:00,380002,Canadian Border,Detroit,Windsor Tunnel,pasajeros,general,no delay,0,4,At 5:00 pm EDT,Open,norte
2026-08-19T21:55:04+00:00,380002,Canadian Border,Detroit,Windsor Tunnel,pasajeros,sentri,no delay,0,1,At 5:00 pm EDT,Open,norte
2026-08-19T21:55:04+00:00,010601,Canadian Border,Houlton,,pasajeros,general,no delay,0,1,At 5:00 pm EDT,Open,norte
2026-08-19T21:55:04+00:00,010601,Canadian Border,Houlton,,carga,general,no delay,0,1,At 5:00 pm EDT,Open,norte
2026-08-19T21:55:04+00:00,360401,Canadian Border,International Falls,,pasajeros,general,no delay,0,1,At 6:00 pm CDT,Open,norte
2026-08-19T21:55:04+00:00,360401,Canadian Border,International Falls,,carga,general,no delay,0,1,At 6:00 pm CDT,Open,norte
2026-08-19T21:55:04+00:00,L01901,Canadian Border,Madawaska,,pasajeros,general,no delay,2,1,At 5:00 pm EDT,Open,norte
2026-08-19T21:55:04+00:00,L01901,Canadian Border,Madawaska,,carga,general,no delay,0,1,At 5:00 pm EDT,Open,norte
2026-08-19T21:55:04+00:00,340101,Canadian Border,Pembina,,pasajeros,general,no delay,0,1,At 4:00 pm CDT,Open,norte
2026-08-19T21:55:04+00:00,340101,Canadian Border,Pembina,,carga,general,delay,50,1,At 4:00 pm CDT,Open,norte
2026-08-19T21:55:04+00:00,380201,Canadian Border,Port Huron,Bluewater Bridge,pasajeros,general,delay,19,3,At 5:00 pm EST,Open,norte
2026-08-19T21:55:04+00:00,380201,Canadian Border,Port Huron,Bluewater Bridge,pasajeros,sentri,no delay,0,1,At 5:00 pm EST,Open,norte
2026-08-19T21:55:04+00:00,380201,Canadian Border,Port Huron,Bluewater Bridge,carga,general,delay,17,4,At 5:00 pm EST,Open,norte
2026-08-19T21:55:04+00:00,380201,Canadian Border,Port Huron,Bluewater Bridge,carga,fast,no delay,0,1,At 5:00 pm EST,Open,norte
2026-08-19T21:55:04+00:00,535501,Mexican Border,Brownsville,B&M,pasajeros,general,delay,90,2,At 5:00 pm CDT,Open,norte
2026-08-19T21:55:04+00:00,535501,Mexican Border,Brownsville,B&M,pasajeros,ready,delay,90,2,At 5:00 pm CDT,Open,norte
2026-08-19T21:55:04+00:00,535501,Mexican Border,Brownsville,B&M,peatones,general,delay,20,1,At 5:00 pm CDT,Open,norte
2026-08-19T21:55:04+00:00,250302,Mexican Border,Calexico,West,pasajeros,general,delay,100,2,At 2:00 pm PDT,Open,norte
2026-08-19T21:55:04+00:00,250302,Mexican Border,Calexico,West,pasajeros,sentri,no delay,5,3,At 2:00 pm PDT,Open,norte
2026-08-19T21:55:04+00:00,250302,Mexican Border,Calexico,West,pasajeros,ready,delay,100,3,At 2:00 pm PDT,Open,norte
2026-08-19T21:55:04+00:00,250302,Mexican Border,Calexico,West,peatones,general,no delay,5,3,At 2:00 pm PDT,Open,norte
2026-08-19T21:55:04+00:00,250302,Mexican Border,Calexico,West,peatones,ready,no delay,5,3,At 2:00 pm PDT,Open,norte
2026-08-19T21:55:04+00:00,240601,Mexican Border,Columbus,,pasajeros,general,no delay,3,1,At 4:00 pm MDT,Open,norte
2026-08-19T21:55:04+00:00,240601,Mexican Border,Columbus,,peatones,general,no delay,1,1,At 4:00 pm MDT,Open,norte
2026-08-19T21:55:04+00:00,230301,Mexican Border,Eagle Pass,Bridge I,pasajeros,ready,delay,60,2,At 4:00 pm CDT,Open,norte
2026-08-19T21:55:04+00:00,230302,Mexican Border,Eagle Pass,Bridge II,pasajeros,general,delay,60,2,At 4:00 pm CDT,Open,norte
2026-08-19T21:55:04+00:00,230302,Mexican Border,Eagle Pass,Bridge II,pasajeros,sentri,no delay,5,1,At 4:00 pm CDT,Open,norte
2026-08-19T21:55:04+00:00,230302,Mexican Border,Eagle Pass,Bridge II,carga,general,delay,60,1,At 4:00 pm CDT,Open,norte
2026-08-19T21:55:04+00:00,240201,Mexican Border,El Paso,Bridge of the Americas (BOTA),pasajeros,general,delay,50,3,At 3:00 pm MDT,Open,norte
2026-08-19T21:55:04+00:00,240201,Mexican Border,El Paso,Bridge of the Americas (BOTA),pasajeros,ready,delay,50,8,At 3:00 pm MDT,Open,norte
2026-08-19T21:55:04+00:00,240201,Mexican Border,El Paso,Bridge of the Americas (BOTA),peatones,general,no delay,5,2,At 3:00 pm MDT,Open,norte
2026-08-19T21:55:04+00:00,240202,Mexican Border,El Paso,Paso Del Norte (PDN),pasajeros,general,delay,44,1,At 3:00 pm MDT,Open,norte
2026-08-19T21:55:04+00:00,240202,Mexican Border,El Paso,Paso Del Norte (PDN),pasajeros,sentri,no delay,5,1,At 3:00 pm MDT,Open,norte
2026-08-19T21:55:04+00:00,240202,Mexican Border,El Paso,Paso Del Norte (PDN),pasajeros,ready,delay,41,4,At 3:00 pm MDT,Open,norte
2026-08-19T21:55:04+00:00,240202,Mexican Border,El Paso,Paso Del Norte (PDN),peatones,general,no delay,1,3,At 3:00 pm MDT,Open,norte
2026-08-19T21:55:04+00:00,240202,Mexican Border,El Paso,Paso Del Norte (PDN),peatones,ready,no delay,1,3,At 3:00 pm MDT,Open,norte
2026-08-19T21:55:04+00:00,240204,Mexican Border,El Paso,Stanton DCL,pasajeros,sentri,no delay,1,2,At 3:00 pm MDT,Open,norte
2026-08-19T21:55:04+00:00,l24501,Mexican Border,Fort Hancock,Fort Hancock,pasajeros,general,no delay,5,1,At 3:00 pm MDT,Open,norte
2026-08-19T21:55:04+00:00,l24501,Mexican Border,Fort Hancock,Fort Hancock,peatones,general,no delay,0,1,At 3:00 pm MDT,Open,norte
2026-08-19T21:55:04+00:00,230503,Mexican Border,Hidalgo/Pharr,Anzalduas International Bridge,pasajeros,general,delay,50,2,At 4:00 pm CDT,Open,norte
2026-08-19T21:55:04+00:00,230503,Mexican Border,Hidalgo/Pharr,Anzalduas International Bridge,pasajeros,ready,delay,45,3,At 4:00 pm CDT,Open,norte
2026-08-19T21:55:04+00:00,230501,Mexican Border,Hidalgo/Pharr,Hidalgo,pasajeros,general,delay,60,2,At 4:00 pm CDT,Open,norte
2026-08-19T21:55:04+00:00,230501,Mexican Border,Hidalgo/Pharr,Hidalgo,pasajeros,sentri,no delay,5,2,At 4:00 pm CDT,Open,norte
2026-08-19T21:55:04+00:00,230501,Mexican Border,Hidalgo/Pharr,Hidalgo,pasajeros,ready,delay,55,2,At 4:00 pm CDT,Open,norte
2026-08-19T21:55:04+00:00,230501,Mexican Border,Hidalgo/Pharr,Hidalgo,peatones,general,no delay,5,4,At 4:00 pm CDT,Open,norte
2026-08-19T21:55:04+00:00,230502,Mexican Border,Hidalgo/Pharr,Pharr,pasajeros,general,delay,15,2,At 4:00 pm CDT,Open,norte
2026-08-19T21:55:04+00:00,230502,Mexican Border,Hidalgo/Pharr,Pharr,pasajeros,ready,delay,10,3,At 4:00 pm CDT,Open,norte
2026-08-19T21:55:04+00:00,230502,Mexican Border,Hidalgo/Pharr,Pharr,carga,general,delay,10,5,At 4:00 pm CDT,Open,norte
2026-08-19T21:55:04+00:00,230502,Mexican Border,Hidalgo/Pharr,Pharr,carga,fast,no delay,5,1,At 4:00 pm CDT,Open,norte
2026-08-19T21:55:04+00:00,260201,Mexican Border,Lukeville,,pasajeros,general,no delay,5,1,At 3:00 pm MST,Open,norte
2026-08-19T21:55:04+00:00,260201,Mexican Border,Lukeville,,carga,general,no delay,0,1,At 3:00 pm MST,Open,norte
2026-08-19T21:55:04+00:00,240401,Mexican Border,Marcelino Serna,Tornillo,pasajeros,general,delay,15,2,At 3:00 pm MDT,Open,norte
2026-08-19T21:55:04+00:00,240401,Mexican Border,Marcelino Serna,Tornillo,peatones,general,no delay,0,2,At 3:00 pm MDT,Open,norte
2026-08-19T21:55:04+00:00,240401,Mexican Border,Marcelino Serna,Tornillo,carga,general,no delay,5,1,At 3:00 pm MDT,Open,norte
2026-08-19T21:55:04+00:00,240301,Mexican Border,Presidio,PRESIDIO PORT OF ENTRY,pasajeros,general,delay,30,2,At 4:00 pm CDT,Open,norte
2026-08-19T21:55:04+00:00,240301,Mexican Border,Presidio,PRESIDIO PORT OF ENTRY,peatones,general,no delay,0,1,At 4:00 pm CDT,Open,norte
2026-08-19T21:55:04+00:00,240301,Mexican Border,Presidio,PRESIDIO PORT OF ENTRY,carga,general,no delay,5,1,At 4:00 pm CDT,Open,norte
2026-08-19T21:55:04+00:00,230902,Mexican Border,Progreso,Donna International Bridge,pasajeros,general,delay,60,2,At 5:00 pm CDT,Open,norte
2026-08-19T21:55:04+00:00,230902,Mexican Border,Progreso,Donna International Bridge,pasajeros,ready,Lanes Closed,,,,Open,norte
2026-08-19T21:55:04+00:00,230901,Mexican Border,Progreso,Progreso International Bridge,pasajeros,general,delay,60,2,At 4:00 pm CDT,Open,norte
2026-08-19T21:55:04+00:00,230901,Mexican Border,Progreso,Progreso International Bridge,peatones,general,no delay,5,2,At 4:00 pm CDT,Open,norte
2026-08-19T21:55:04+00:00,230901,Mexican Border,Progreso,Progreso International Bridge,carga,general,Lanes Closed,,,,Open,norte
2026-08-19T21:55:04+00:00,230701,Mexican Border,Rio Grande City,,pasajeros,general,no delay,0,1,At 4:00 pm CDT,Open,norte
2026-08-19T21:55:04+00:00,230701,Mexican Border,Rio Grande City,,carga,general,no delay,0,1,At 4:00 pm CDT,Open,norte
2026-08-19T21:55:04+00:00,231001,Mexican Border,Roma,,pasajeros,general,no delay,0,2,At 4:00 pm CDT,Open,norte
2026-08-19T21:55:04+00:00,231001,Mexican Border,Roma,,carga,general,no delay,0,1,At 4:00 pm CDT,Open,norte
2026-08-19T21:55:04+00:00,260802,Mexican Border,San Luis,San Luis II,carga,general,no delay,5,2,At 2:00 pm MST,Open,norte
2026-08-19T21:55:04+00:00,250501,Mexican Border,Tecate,,pasajeros,general,delay,80,2,At 2:00 pm PDT,Open,norte
2026-08-19T21:55:04+00:00,250501,Mexican Border,Tecate,,peatones,general,no delay,5,3,At 2:00 pm PDT,Open,norte
2026-08-19T21:55:04+00:00,250501,Mexican Border,Tecate,,carga,general,no delay,5,2,At 2:00 pm PDT,Open,norte
2026-08-19T21:55:04+00:00,SB-SY-I5,Mexican Border,San Ysidro sur (I-5),San Ysidro sur (I-5),pasajeros,general,ok,0,,08/19/2026 2:50pm,,sur
2026-08-19T21:55:04+00:00,SB-SY-I5,Mexican Border,San Ysidro sur (I-5),San Ysidro sur (I-5),pasajeros,pron15,ok,0,,08/19/2026 2:50pm,,sur
2026-08-19T21:55:04+00:00,SB-SY-I5,Mexican Border,San Ysidro sur (I-5),San Ysidro sur (I-5),pasajeros,pron30,ok,0,,08/19/2026 2:50pm,,sur
2026-08-19T21:55:04+00:00,SB-OM-905,Mexican Border,Otay Mesa sur (SR-905),Otay Mesa sur (SR-905),pasajeros,general,ok,0,,08/19/2026 2:50pm,,sur
2026-08-19T21:55:04+00:00,SB-OM-905,Mexican Border,Otay Mesa sur (SR-905),Otay Mesa sur (SR-905),pasajeros,pron15,ok,0,,08/19/2026 2:50pm,,sur
2026-08-19T21:55:04+00:00,SB-OM-905,Mexican Border,Otay Mesa sur (SR-905),Otay Mesa sur (SR-905),pasajeros,pron30,ok,0,,08/19/2026 2:50pm,,sur
2026-08-19T22:54:33+00:00,070801,Canadian Border,Alexandria Bay,Thousand Islands Bridge,pasajeros,general,no delay,0,2,At 8:00 pm EDT,Open,norte
2026-08-19T22:54:33+00:00,070801,Canadian Border,Alexandria Bay,Thousand Islands Bridge,carga,general,no delay,0,1,At 8:00 pm EDT,Open,norte
2026-08-19T22:54:33+00:00,300401,Canadian Border,Blaine,Pacific Highway,pasajeros,general,no delay,0,3,At 3:00 pm PDT,Open,norte
2026-08-19T22:54:33+00:00,300401,Canadian Border,Blaine,Pacific Highway,pasajeros,sentri,no delay,0,1,At 3:00 pm PDT,Open,norte
2026-08-19T22:54:33+00:00,300401,Canadian Border,Blaine,Pacific Highway,carga,general,no delay,0,3,At 3:00 pm PDT,Open,norte
2026-08-19T22:54:33+00:00,300402,Canadian Border,Blaine,Peace Arch,pasajeros,general,delay,10,5,At 3:00 pm PDT,Open,norte
2026-08-19T22:54:33+00:00,300402,Canadian Border,Blaine,Peace Arch,pasajeros,sentri,no delay,0,2,At 3:00 pm PDT,Open,norte
2026-08-19T22:54:33+00:00,090104,Canadian Border,Buffalo/Niagara Falls,Lewiston Bridge,pasajeros,general,no delay,6,3,At 6:37 pm EDT,Open,norte
2026-08-19T22:54:33+00:00,090104,Canadian Border,Buffalo/Niagara Falls,Lewiston Bridge,carga,general,no delay,0,2,At 6:37 pm EDT,Open,norte
2026-08-19T22:54:33+00:00,090101,Canadian Border,Buffalo/Niagara Falls,Peace Bridge,pasajeros,general,no delay,3,5,At 6:37 pm EDT,Open,norte
2026-08-19T22:54:33+00:00,090101,Canadian Border,Buffalo/Niagara Falls,Peace Bridge,pasajeros,sentri,no delay,0,2,At 6:37 pm EDT,Open,norte
2026-08-19T22:54:33+00:00,090101,Canadian Border,Buffalo/Niagara Falls,Peace Bridge,carga,general,no delay,2,4,At 6:37 pm EDT,Open,norte
2026-08-19T22:54:33+00:00,090102,Canadian Border,Buffalo/Niagara Falls,Rainbow Bridge,pasajeros,general,no delay,2,5,At 6:37 pm EDT,Open,norte
2026-08-19T22:54:33+00:00,380001,Canadian Border,Detroit,Ambassador Bridge,pasajeros,general,no delay,0,3,At 6:00 pm EDT,Open,norte
2026-08-19T22:54:33+00:00,380001,Canadian Border,Detroit,Ambassador Bridge,pasajeros,sentri,no delay,0,1,At 6:00 pm EDT,Open,norte
2026-08-19T22:54:33+00:00,380001,Canadian Border,Detroit,Ambassador Bridge,carga,general,delay,30,6,At 6:00 pm EDT,Open,norte
2026-08-19T22:54:33+00:00,380001,Canadian Border,Detroit,Ambassador Bridge,carga,fast,no delay,0,3,At 6:00 pm EDT,Open,norte
2026-08-19T22:54:33+00:00,380102,Canadian Border,Detroit,Gordie Howe International Bridge,pasajeros,general,no delay,5,4,At 6:00 pm EDT,Open,norte
2026-08-19T22:54:33+00:00,380102,Canadian Border,Detroit,Gordie Howe International Bridge,pasajeros,sentri,no delay,0,1,At 6:00 pm EDT,Open,norte
2026-08-19T22:54:33+00:00,380102,Canadian Border,Detroit,Gordie Howe International Bridge,peatones,general,no delay,0,2,At 6:00 pm EDT,Open,norte
2026-08-19T22:54:33+00:00,380102,Canadian Border,Detroit,Gordie Howe International Bridge,peatones,ready,no delay,0,1,At 6:00 pm EDT,Open,norte
2026-08-19T22:54:33+00:00,380102,Canadian Border,Detroit,Gordie Howe International Bridge,carga,general,no delay,0,4,At 6:00 pm EDT,Open,norte
2026-08-19T22:54:33+00:00,380102,Canadian Border,Detroit,Gordie Howe International Bridge,carga,fast,no delay,0,1,At 6:00 pm EDT,Open,norte
2026-08-19T22:54:33+00:00,380002,Canadian Border,Detroit,Windsor Tunnel,pasajeros,general,no delay,5,3,At 6:00 pm EDT,Open,norte
2026-08-19T22:54:33+00:00,380002,Canadian Border,Detroit,Windsor Tunnel,pasajeros,sentri,no delay,0,1,At 6:00 pm EDT,Open,norte
2026-08-19T22:54:33+00:00,010601,Canadian Border,Houlton,,pasajeros,general,no delay,0,1,At 6:00 pm EDT,Open,norte
2026-08-19T22:54:33+00:00,010601,Canadian Border,Houlton,,carga,general,no delay,0,1,At 6:00 pm EDT,Open,norte
2026-08-19T22:54:33+00:00,302301,Canadian Border,Lynden,,pasajeros,general,delay,10,1,At 3:00 pm PDT,Open,norte
2026-08-19T22:54:33+00:00,302301,Canadian Border,Lynden,,pasajeros,sentri,no delay,0,1,At 3:00 pm PDT,Open,norte
2026-08-19T22:54:33+00:00,302301,Canadian Border,Lynden,,carga,general,no delay,5,1,At 3:00 pm PDT,Open,norte
2026-08-19T22:54:33+00:00,L01901,Canadian Border,Madawaska,,pasajeros,general,no delay,0,1,At 6:00 pm EDT,Open,norte
2026-08-19T22:54:33+00:00,L01901,Canadian Border,Madawaska,,carga,general,no delay,0,1,At 6:00 pm EDT,Open,norte
2026-08-19T22:54:33+00:00,070401,Canadian Border,Massena,,pasajeros,general,no delay,0,4,At 8:00 pm EDT,Open,norte
2026-08-19T22:54:33+00:00,070401,Canadian Border,Massena,,carga,general,no delay,0,1,At 8:00 pm EDT,Open,norte
2026-08-19T22:54:33+00:00,340101,Canadian Border,Pembina,,pasajeros,general,no delay,5,1,At 5:00 pm CDT,Open,norte
2026-08-19T22:54:33+00:00,340101,Canadian Border,Pembina,,carga,general,delay,20,1,At 5:00 pm CDT,Open,norte
2026-08-19T22:54:33+00:00,380301,Canadian Border,Sault Ste. Marie,International Bridge - SSM,pasajeros,general,no delay,0,2,At 6:00 pm EDT,Open,norte
2026-08-19T22:54:33+00:00,380301,Canadian Border,Sault Ste. Marie,International Bridge - SSM,carga,general,no delay,0,1,At 6:00 pm EDT,Open,norte
2026-08-19T22:54:33+00:00,535504,Mexican Border,Brownsville,Gateway,pasajeros,general,no delay,5,2,At 5:00 pm CDT,Open,norte
2026-08-19T22:54:33+00:00,535504,Mexican Border,Brownsville,Gateway,pasajeros,ready,no delay,5,2,At 5:00 pm CDT,Open,norte
2026-08-19T22:54:33+00:00,535504,Mexican Border,Brownsville,Gateway,peatones,general,no delay,5,1,At 5:00 pm CDT,Open,norte
2026-08-19T22:54:33+00:00,535504,Mexican Border,Brownsville,Gateway,peatones,ready,no delay,5,1,At 5:00 pm CDT,Open,norte
2026-08-19T22:54:33+00:00,535503,Mexican Border,Brownsville,Los Indios,pasajeros,general,no delay,5,1,At 5:00 pm CDT,Open,norte
2026-08-19T22:54:33+00:00,535503,Mexican Border,Brownsville,Los Indios,carga,general,no delay,0,1,At 5:00 pm CDT,Open,norte
2026-08-19T22:54:33+00:00,535502,Mexican Border,Brownsville,Veterans International,pasajeros,general,no delay,5,2,At 5:00 pm CDT,Open,norte
2026-08-19T22:54:33+00:00,535502,Mexican Border,Brownsville,Veterans International,pasajeros,sentri,no delay,0,2,At 5:00 pm CDT,Open,norte
2026-08-19T22:54:33+00:00,535502,Mexican Border,Brownsville,Veterans International,pasajeros,ready,no delay,5,1,At 5:00 pm CDT,Open,norte
2026-08-19T22:54:33+00:00,535502,Mexican Border,Brownsville,Veterans International,peatones,general,no delay,0,1,At 5:00 pm CDT,Open,norte
2026-08-19T22:54:33+00:00,535502,Mexican Border,Brownsville,Veterans International,carga,general,no delay,0,2,At 5:00 pm CDT,Open,norte
2026-08-19T22:54:33+00:00,535502,Mexican Border,Brownsville,Veterans International,carga,fast,Lanes Closed,,,,Open,norte
2026-08-19T22:54:33+00:00,250302,Mexican Border,Calexico,West,pasajeros,general,delay,50,2,At 4:00 pm PDT,Open,norte
2026-08-19T22:54:33+00:00,250302,Mexican Border,Calexico,West,pasajeros,sentri,delay,15,3,At 4:00 pm PDT,Open,norte
2026-08-19T22:54:33+00:00,250302,Mexican Border,Calexico,West,pasajeros,ready,delay,50,3,At 4:00 pm PDT,Open,norte
2026-08-19T22:54:33+00:00,250302,Mexican Border,Calexico,West,peatones,general,no delay,5,3,At 4:00 pm PDT,Open,norte
2026-08-19T22:54:33+00:00,250302,Mexican Border,Calexico,West,peatones,ready,no delay,5,3,At 4:00 pm PDT,Open,norte
2026-08-19T22:54:33+00:00,240601,Mexican Border,Columbus,,pasajeros,general,no delay,5,1,At 5:00 pm MDT,Open,norte
2026-08-19T22:54:33+00:00,240601,Mexican Border,Columbus,,peatones,general,no delay,0,1,At 5:00 pm MDT,Open,norte
2026-08-19T22:54:33+00:00,260101,Mexican Border,Douglas (Raul Hector Castro),,pasajeros,general,delay,30,3,At 3:00 pm PST,Open,norte
2026-08-19T22:54:33+00:00,260101,Mexican Border,Douglas (Raul Hector Castro),,pasajeros,sentri,no delay,3,1,At 3:00 pm PST,Open,norte
2026-08-19T22:54:33+00:00,260101,Mexican Border,Douglas (Raul Hector Castro),,peatones,general,no delay,3,2,At 3:00 pm PST,Open,norte
2026-08-19T22:54:33+00:00,260101,Mexican Border,Douglas (Raul Hector Castro),,carga,general,Lanes Closed,,,,Open,norte
2026-08-19T22:54:33+00:00,230301,Mexican Border,Eagle Pass,Bridge I,pasajeros,ready,delay,60,2,At 5:00 pm CDT,Open,norte
2026-08-19T22:54:33+00:00,230302,Mexican Border,Eagle Pass,Bridge II,pasajeros,general,delay,60,2,At 5:00 pm CDT,Open,norte
2026-08-19T22:54:33+00:00,230302,Mexican Border,Eagle Pass,Bridge II,pasajeros,sentri,no delay,5,1,At 5:00 pm CDT,Open,norte
2026-08-19T22:54:33+00:00,230302,Mexican Border,Eagle Pass,Bridge II,carga,general,delay,60,1,At 5:00 pm CDT,Open,norte
2026-08-19T22:54:33+00:00,240201,Mexican Border,El Paso,Bridge of the Americas (BOTA),pasajeros,general,delay,60,2,At 4:00 pm MDT,Open,norte
2026-08-19T22:54:33+00:00,240201,Mexican Border,El Paso,Bridge of the Americas (BOTA),pasajeros,ready,delay,60,6,At 4:00 pm MDT,Open,norte
2026-08-19T22:54:33+00:00,240201,Mexican Border,El Paso,Bridge of the Americas (BOTA),peatones,general,delay,15,2,At 4:00 pm MDT,Open,norte
2026-08-19T22:54:33+00:00,240202,Mexican Border,El Paso,Paso Del Norte (PDN),pasajeros,general,Lanes Closed,,,,Open,norte
2026-08-19T22:54:33+00:00,240202,Mexican Border,El Paso,Paso Del Norte (PDN),pasajeros,sentri,no delay,1,2,At 5:00 pm MDT,Open,norte
2026-08-19T22:54:33+00:00,240202,Mexican Border,El Paso,Paso Del Norte (PDN),pasajeros,ready,Lanes Closed,,,,Open,norte
2026-08-19T22:54:33+00:00,240202,Mexican Border,El Paso,Paso Del Norte (PDN),peatones,general,Lanes Closed,,,,Open,norte
2026-08-19T22:54:33+00:00,240202,Mexican Border,El Paso,Paso Del Norte (PDN),peatones,ready,Lanes Closed,,,,Open,norte
2026-08-19T22:54:33+00:00,240204,Mexican Border,El Paso,Stanton DCL,pasajeros,sentri,no delay,1,2,At 5:00 pm MDT,Open,norte
2026-08-19T22:54:33+00:00,240203,Mexican Border,El Paso,Ysleta,pasajeros,sentri,delay,20,4,At 4:00 pm MDT,Open,norte
2026-08-19T22:54:33+00:00,240203,Mexican Border,El Paso,Ysleta,pasajeros,ready,delay,60,3,At 4:00 pm MDT,Open,norte
2026-08-19T22:54:33+00:00,240203,Mexican Border,El Paso,Ysleta,peatones,general,no delay,1,2,At 4:00 pm MDT,Open,norte
2026-08-19T22:54:33+00:00,240203,Mexican Border,El Paso,Ysleta,carga,general,delay,30,4,At 4:00 pm MDT,Open,norte
2026-08-19T22:54:33+00:00,240203,Mexican Border,El Paso,Ysleta,carga,fast,delay,20,3,At 4:00 pm MDT,Open,norte
2026-08-19T22:54:33+00:00,l24501,Mexican Border,Fort Hancock,Fort Hancock,pasajeros,general,no delay,5,1,At 4:00 pm MDT,Open,norte
2026-08-19T22:54:33+00:00,l24501,Mexican Border,Fort Hancock,Fort Hancock,peatones,general,no delay,0,1,At 4:00 pm MDT,Open,norte
2026-08-19T22:54:33+00:00,230503,Mexican Border,Hidalgo/Pharr,Anzalduas International Bridge,pasajeros,general,delay,50,2,At 5:00 pm CDT,Open,norte
2026-08-19T22:54:33+00:00,230503,Mexican Border,Hidalgo/Pharr,Anzalduas International Bridge,pasajeros,ready,delay,45,3,At 5:00 pm CDT,Open,norte
2026-08-19T22:54:33+00:00,230501,Mexican Border,Hidalgo/Pharr,Hidalgo,pasajeros,general,delay,65,2,At 5:00 pm CDT,Open,norte
2026-08-19T22:54:33+00:00,230501,Mexican Border,Hidalgo/Pharr,Hidalgo,pasajeros,sentri,no delay,5,2,At 5:00 pm CDT,Open,norte
2026-08-19T22:54:33+00:00,230501,Mexican Border,Hidalgo/Pharr,Hidalgo,pasajeros,ready,delay,60,2,At 5:00 pm CDT,Open,norte
2026-08-19T22:54:33+00:00,230501,Mexican Border,Hidalgo/Pharr,Hidalgo,peatones,general,no delay,5,4,At 5:00 pm CDT,Open,norte
2026-08-19T22:54:33+00:00,230502,Mexican Border,Hidalgo/Pharr,Pharr,pasajeros,general,delay,20,2,At 5:00 pm CDT,Open,norte
2026-08-19T22:54:33+00:00,230502,Mexican Border,Hidalgo/Pharr,Pharr,pasajeros,ready,delay,15,3,At 5:00 pm CDT,Open,norte
2026-08-19T22:54:33+00:00,230502,Mexican Border,Hidalgo/Pharr,Pharr,carga,general,delay,40,5,At 5:00 pm CDT,Open,norte
2026-08-19T22:54:33+00:00,230502,Mexican Border,Hidalgo/Pharr,Pharr,carga,fast,delay,35,1,At 5:00 pm CDT,Open,norte
2026-08-19T22:54:33+00:00,230401,Mexican Border,Laredo,Bridge I,pasajeros,sentri,no delay,0,4,At 5:00 pm CDT,Open,norte
2026-08-19T22:54:33+00:00,230401,Mexican Border,Laredo,Bridge I,peatones,general,no delay,0,2,At 5:00 pm CDT,Open,norte
2026-08-19T22:54:33+00:00,230401,Mexican Border,Laredo,Bridge I,peatones,ready,no delay,0,2,At 5:00 pm CDT,Open,norte
2026-08-19T22:54:33+00:00,230402,Mexican Border,Laredo,Bridge II,pasajeros,general,delay,25,6,At 5:00 pm CDT,Open,norte
2026-08-19T22:54:33+00:00,230402,Mexican Border,Laredo,Bridge II,pasajeros,ready,delay,30,8,At 5:00 pm CDT,Open,norte
2026-08-19T22:54:33+00:00,230403,Mexican Border,Laredo,Colombia Solidarity,pasajeros,general,no delay,5,2,At 5:00 pm CDT,Open,norte
2026-08-19T22:54:33+00:00,230403,Mexican Border,Laredo,Colombia Solidarity,pasajeros,sentri,no delay,0,1,At 5:00 pm CDT,Open,norte
2026-08-19T22:54:33+00:00,230403,Mexican Border,Laredo,Colombia Solidarity,pasajeros,ready,Lanes Closed,,,,Open,norte
2026-08-19T22:54:33+00:00,230403,Mexican Border,Laredo,Colombia Solidarity,carga,general,no delay,5,3,At 5:00 pm CDT,Open,norte
2026-08-19T22:54:33+00:00,230403,Mexican Border,Laredo,Colombia Solidarity,carga,fast,no delay,5,2,At 5:00 pm CDT,Open,norte
2026-08-19T22:54:33+00:00,230404,Mexican Border,Laredo,World Trade Bridge,carga,general,delay,20,13,At 5:00 pm CDT,Open,norte
2026-08-19T22:54:33+00:00,230404,Mexican Border,Laredo,World Trade Bridge,carga,fast,delay,10,4,At 5:00 pm CDT,Open,norte
2026-08-19T22:54:33+00:00,240401,Mexican Border,Marcelino Serna,Tornillo,pasajeros,general,delay,15,2,At 4:00 pm MDT,Open,norte
2026-08-19T22:54:33+00:00,240401,Mexican Border,Marcelino Serna,Tornillo,peatones,general,no delay,0,2,At 4:00 pm MDT,Open,norte
2026-08-19T22:54:33+00:00,240401,Mexican Border,Marcelino Serna,Tornillo,carga,general,Lanes Closed,,,,Open,norte
2026-08-19T22:54:33+00:00,260301,Mexican Border,Naco,,pasajeros,general,no delay,1,1,At 3:00 pm PST,Open,norte
2026-08-19T22:54:33+00:00,260301,Mexican Border,Naco,,peatones,general,no delay,1,1,At 3:00 pm PST,Open,norte
2026-08-19T22:54:33+00:00,260301,Mexican Border,Naco,,carga,general,no delay,1,1,At 3:00 pm PST,Open,norte
2026-08-19T22:54:33+00:00,260401,Mexican Border,Nogales,Deconcini,pasajeros,general,delay,30,3,At 3:00 pm MST,Open,norte
2026-08-19T22:54:33+00:00,260401,Mexican Border,Nogales,Deconcini,pasajeros,sentri,no delay,0,2,At 3:00 pm MST,Open,norte
2026-08-19T22:54:33+00:00,260401,Mexican Border,Nogales,Deconcini,peatones,general,no delay,0,2,At 3:00 pm MST,Open,norte
2026-08-19T22:54:33+00:00,260402,Mexican Border,Nogales,Mariposa,pasajeros,general,delay,20,5,At 3:00 pm MST,Open,norte
2026-08-19T22:54:33+00:00,260402,Mexican Border,Nogales,Mariposa,peatones,general,no delay,0,2,At 3:00 pm MST,Open,norte
2026-08-19T22:54:33+00:00,260402,Mexican Border,Nogales,Mariposa,carga,general,no delay,0,4,At 3:00 pm MST,Open,norte
2026-08-19T22:54:33+00:00,260402,Mexican Border,Nogales,Mariposa,carga,fast,no delay,0,2,At 3:00 pm MST,Open,norte
2026-08-19T22:54:33+00:00,260403,Mexican Border,Nogales,Morley Gate,peatones,general,no delay,0,2,At 3:00 pm MST,Open,norte
2026-08-19T22:54:33+00:00,250602,Mexican Border,Otay Mesa,Commercial,carga,general,delay,60,5,At 3:00 pm PDT,Open,norte
2026-08-19T22:54:33+00:00,250602,Mexican Border,Otay Mesa,Commercial,carga,fast,delay,45,3,At 3:00 pm PDT,Open,norte
2026-08-19T22:54:33+00:00,240301,Mexican Border,Presidio,PRESIDIO PORT OF ENTRY,pasajeros,general,delay,10,2,At 6:00 pm CDT,Open,norte
2026-08-19T22:54:33+00:00,240301,Mexican Border,Presidio,PRESIDIO PORT OF ENTRY,peatones,general,no delay,0,1,At 6:00 pm CDT,Open,norte
2026-08-19T22:54:33+00:00,240301,Mexican Border,Presidio,PRESIDIO PORT OF ENTRY,carga,general,Lanes Closed,,,,Open,norte
2026-08-19T22:54:33+00:00,230901,Mexican Border,Progreso,Progreso International Bridge,pasajeros,general,delay,15,2,At 5:00 pm CDT,Open,norte
2026-08-19T22:54:33+00:00,230901,Mexican Border,Progreso,Progreso International Bridge,peatones,general,no delay,5,2,At 5:00 pm CDT,Open,norte
2026-08-19T22:54:33+00:00,230701,Mexican Border,Rio Grande City,,pasajeros,general,no delay,0,1,At 6:00 pm CDT,Open,norte
2026-08-19T22:54:33+00:00,230701,Mexican Border,Rio Grande City,,carga,general,no delay,0,1,At 6:00 pm CDT,Open,norte
2026-08-19T22:54:33+00:00,231001,Mexican Border,Roma,,pasajeros,general,no delay,0,2,At 5:00 pm CDT,Open,norte
2026-08-19T22:54:33+00:00,231001,Mexican Border,Roma,,carga,general,no delay,0,1,At 5:00 pm CDT,Open,norte
2026-08-19T22:54:33+00:00,260802,Mexican Border,San Luis,San Luis II,carga,general,no delay,5,2,At 3:00 pm MST,Open,norte
2026-08-19T22:54:33+00:00,250401,Mexican Border,San Ysidro,,pasajeros,general,delay,120,5,At 3:00 pm PDT,Open,norte
2026-08-19T22:54:33+00:00,250401,Mexican Border,San Ysidro,,pasajeros,sentri,delay,20,14,At 3:00 pm PDT,Open,norte
2026-08-19T22:54:33+00:00,250401,Mexican Border,San Ysidro,,pasajeros,ready,delay,100,10,At 3:00 pm PDT,Open,norte
2026-08-19T22:54:33+00:00,250401,Mexican Border,San Ysidro,,peatones,general,delay,40,13,At 3:00 pm PDT,Open,norte
2026-08-19T22:54:33+00:00,250401,Mexican Border,San Ysidro,,peatones,ready,no delay,5,1,At 3:00 pm PDT,Open,norte
2026-08-19T22:54:33+00:00,250409,Mexican Border,San Ysidro,Cross Border Express,peatones,general,no delay,1,5,At 4:00 pm PDT,Open,norte
2026-08-19T22:54:33+00:00,250409,Mexican Border,San Ysidro,Cross Border Express,peatones,ready,no delay,1,1,At 4:00 pm PDT,Open,norte
2026-08-19T22:54:33+00:00,240801,Mexican Border,Santa Teresa,Santa Teresa Port of Entry,pasajeros,general,delay,25,1,At 5:00 pm MDT,Open,norte
2026-08-19T22:54:33+00:00,240801,Mexican Border,Santa Teresa,Santa Teresa Port of Entry,pasajeros,ready,delay,20,1,At 5:00 pm MDT,Open,norte
2026-08-19T22:54:33+00:00,240801,Mexican Border,Santa Teresa,Santa Teresa Port of Entry,peatones,general,no delay,5,1,At 5:00 pm MDT,Open,norte
2026-08-19T22:54:33+00:00,240801,Mexican Border,Santa Teresa,Santa Teresa Port of Entry,carga,general,delay,15,1,At 5:00 pm MDT,Open,norte
2026-08-19T22:54:33+00:00,240801,Mexican Border,Santa Teresa,Santa Teresa Port of Entry,carga,fast,delay,10,1,At 5:00 pm MDT,Open,norte
2026-08-19T22:54:33+00:00,SB-SY-I5,Mexican Border,San Ysidro sur (I-5),San Ysidro sur (I-5),pasajeros,general,ok,0,,08/19/2026 3:50pm,,sur
2026-08-19T22:54:33+00:00,SB-SY-I5,Mexican Border,San Ysidro sur (I-5),San Ysidro sur (I-5),pasajeros,pron15,ok,0,,08/19/2026 3:50pm,,sur
2026-08-19T22:54:33+00:00,SB-SY-I5,Mexican Border,San Ysidro sur (I-5),San Ysidro sur (I-5),pasajeros,pron30,ok,0,,08/19/2026 3:50pm,,sur
2026-08-19T22:54:33+00:00,SB-OM-905,Mexican Border,Otay Mesa sur (SR-905),Otay Mesa sur (SR-905),pasajeros,general,ok,0,,08/19/2026 3:50pm,,sur
2026-08-19T22:54:33+00:00,SB-OM-905,Mexican Border,Otay Mesa sur (SR-905),Otay Mesa sur (SR-905),pasajeros,pron15,ok,0,,08/19/2026 3:50pm,,sur
2026-08-19T22:54:33+00:00,SB-OM-905,Mexican Border,Otay Mesa sur (SR-905),Otay Mesa sur (SR-905),pasajeros,pron30,ok,0,,08/19/2026 3:50pm,,sur
2026-08-19T23:46:17+00:00,070801,Canadian Border,Alexandria Bay,Thousand Islands Bridge,pasajeros,general,no delay,0,1,At 9:00 pm EDT,Open,norte
2026-08-19T23:46:17+00:00,070801,Canadian Border,Alexandria Bay,Thousand Islands Bridge,carga,general,no delay,0,1,At 9:00 pm EDT,Open,norte
2026-08-19T23:46:17+00:00,300401,Canadian Border,Blaine,Pacific Highway,pasajeros,general,no delay,5,2,At 4:00 pm PDT,Open,norte
2026-08-19T23:46:17+00:00,300401,Canadian Border,Blaine,Pacific Highway,pasajeros,sentri,no delay,0,1,At 4:00 pm PDT,Open,norte
2026-08-19T23:46:17+00:00,300401,Canadian Border,Blaine,Pacific Highway,carga,general,no delay,5,2,At 4:00 pm PDT,Open,norte
2026-08-19T23:46:17+00:00,300402,Canadian Border,Blaine,Peace Arch,pasajeros,general,delay,10,3,At 4:00 pm PDT,Open,norte
2026-08-19T23:46:17+00:00,300402,Canadian Border,Blaine,Peace Arch,pasajeros,sentri,no delay,5,1,At 4:00 pm PDT,Open,norte
2026-08-19T23:46:17+00:00,090104,Canadian Border,Buffalo/Niagara Falls,Lewiston Bridge,pasajeros,general,delay,21,2,At 7:27 pm EDT,Open,norte
2026-08-19T23:46:17+00:00,090104,Canadian Border,Buffalo/Niagara Falls,Lewiston Bridge,carga,general,no delay,5,2,At 7:27 pm EDT,Open,norte
2026-08-19T23:46:17+00:00,090101,Canadian Border,Buffalo/Niagara Falls,Peace Bridge,pasajeros,general,no delay,3,5,At 7:27 pm EDT,Open,norte
2026-08-19T23:46:17+00:00,090101,Canadian Border,Buffalo/Niagara Falls,Peace Bridge,pasajeros,sentri,no delay,0,2,At 7:27 pm EDT,Open,norte
2026-08-19T23:46:17+00:00,090101,Canadian Border,Buffalo/Niagara Falls,Peace Bridge,carga,general,no delay,2,4,At 7:27 pm EDT,Open,norte
2026-08-19T23:46:17+00:00,090102,Canadian Border,Buffalo/Niagara Falls,Rainbow Bridge,pasajeros,general,no delay,3,5,At 7:27 pm EDT,Open,norte
2026-08-19T23:46:17+00:00,011501,Canadian Border,Calais,Ferry Point,pasajeros,general,no delay,0,1,At 8:00 pm EDT,Open,norte
2026-08-19T23:46:17+00:00,011503,Canadian Border,Calais,International Avenue,pasajeros,general,no delay,0,1,At 8:00 pm EDT,Open,norte
2026-08-19T23:46:17+00:00,011503,Canadian Border,Calais,International Avenue,carga,general,no delay,0,1,At 8:00 pm EDT,Open,norte
2026-08-19T23:46:17+00:00,380001,Canadian Border,Detroit,Ambassador Bridge,pasajeros,general,no delay,5,3,At 7:00 pm EDT,Open,norte
2026-08-19T23:46:17+00:00,380001,Canadian Border,Detroit,Ambassador Bridge,pasajeros,sentri,no delay,0,1,At 7:00 pm EDT,Open,norte
2026-08-19T23:46:17+00:00,380001,Canadian Border,Detroit,Ambassador Bridge,carga,general,delay,10,6,At 7:00 pm EDT,Open,norte
2026-08-19T23:46:17+00:00,380001,Canadian Border,Detroit,Ambassador Bridge,carga,fast,no delay,0,3,At 7:00 pm EDT,Open,norte
2026-08-19T23:46:17+00:00,380102,Canadian Border,Detroit,Gordie Howe International Bridge,pasajeros,general,no delay,5,4,At 7:00 pm EDT,Open,norte
2026-08-19T23:46:17+00:00,380102,Canadian Border,Detroit,Gordie Howe International Bridge,pasajeros,sentri,no delay,0,1,At 7:00 pm EDT,Open,norte
2026-08-19T23:46:17+00:00,380102,Canadian Border,Detroit,Gordie Howe International Bridge,peatones,general,no delay,0,2,At 7:00 pm EDT,Open,norte
2026-08-19T23:46:17+00:00,380102,Canadian Border,Detroit,Gordie Howe International Bridge,peatones,ready,no delay,0,1,At 7:00 pm EDT,Open,norte
2026-08-19T23:46:17+00:00,380102,Canadian Border,Detroit,Gordie Howe International Bridge,carga,general,no delay,0,4,At 7:00 pm EDT,Open,norte
2026-08-19T23:46:17+00:00,380102,Canadian Border,Detroit,Gordie Howe International Bridge,carga,fast,Lanes Closed,,,,Open,norte
2026-08-19T23:46:17+00:00,380002,Canadian Border,Detroit,Windsor Tunnel,pasajeros,general,delay,10,4,At 7:00 pm EDT,Open,norte
2026-08-19T23:46:17+00:00,380002,Canadian Border,Detroit,Windsor Tunnel,pasajeros,sentri,no delay,0,1,At 7:00 pm EDT,Open,norte
2026-08-19T23:46:17+00:00,010601,Canadian Border,Houlton,,pasajeros,general,no delay,0,1,At 7:00 pm EDT,Open,norte
2026-08-19T23:46:17+00:00,010601,Canadian Border,Houlton,,carga,general,no delay,0,1,At 7:00 pm EDT,Open,norte
2026-08-19T23:46:17+00:00,010401,Canadian Border,Jackman,,pasajeros,general,no delay,0,1,At 8:00 pm EDT,Open,norte
2026-08-19T23:46:17+00:00,010401,Canadian Border,Jackman,,carga,general,no delay,0,1,At 8:00 pm EDT,Open,norte
2026-08-19T23:46:17+00:00,302301,Canadian Border,Lynden,,pasajeros,general,no delay,5,1,At 4:00 pm PDT,Open,norte
2026-08-19T23:46:17+00:00,302301,Canadian Border,Lynden,,pasajeros,sentri,no delay,5,1,At 4:00 pm PDT,Open,norte
2026-08-19T23:46:17+00:00,302301,Canadian Border,Lynden,,carga,general,no delay,5,1,At 4:00 pm PDT,Open,norte
2026-08-19T23:46:17+00:00,L01901,Canadian Border,Madawaska,,pasajeros,general,no delay,0,1,At 7:00 pm EDT,Open,norte
2026-08-19T23:46:17+00:00,L01901,Canadian Border,Madawaska,,carga,general,no delay,0,1,At 7:00 pm EDT,Open,norte
2026-08-19T23:46:17+00:00,340101,Canadian Border,Pembina,,pasajeros,general,no delay,0,1,At 6:00 pm CDT,Open,norte
2026-08-19T23:46:17+00:00,340101,Canadian Border,Pembina,,carga,general,delay,10,1,At 6:00 pm CDT,Open,norte
2026-08-19T23:46:17+00:00,380201,Canadian Border,Port Huron,Bluewater Bridge,pasajeros,general,no delay,6,3,At 7:00 pm EST,Open,norte
2026-08-19T23:46:17+00:00,380201,Canadian Border,Port Huron,Bluewater Bridge,pasajeros,sentri,no delay,0,1,At 7:00 pm EST,Open,norte
2026-08-19T23:46:17+00:00,380201,Canadian Border,Port Huron,Bluewater Bridge,carga,general,delay,13,4,At 7:00 pm EST,Open,norte
2026-08-19T23:46:17+00:00,380201,Canadian Border,Port Huron,Bluewater Bridge,carga,fast,no delay,0,1,At 7:00 pm EST,Open,norte
2026-08-19T23:46:17+00:00,380301,Canadian Border,Sault Ste. Marie,International Bridge - SSM,pasajeros,general,no delay,0,1,At 9:00 pm EDT,Open,norte
2026-08-19T23:46:17+00:00,380301,Canadian Border,Sault Ste. Marie,International Bridge - SSM,carga,general,no delay,0,1,At 9:00 pm EDT,Open,norte
2026-08-19T23:46:17+00:00,331001,Canadian Border,Sweetgrass,,pasajeros,general,no delay,5,1,At 5:00 pm MDT,Open,norte
2026-08-19T23:46:17+00:00,331001,Canadian Border,Sweetgrass,,carga,general,no delay,5,1,At 5:00 pm MDT,Open,norte
2026-08-19T23:46:17+00:00,535501,Mexican Border,Brownsville,B&M,pasajeros,general,delay,20,2,At 6:00 pm CDT,Open,norte
2026-08-19T23:46:17+00:00,535501,Mexican Border,Brownsville,B&M,pasajeros,ready,delay,20,2,At 6:00 pm CDT,Open,norte
2026-08-19T23:46:17+00:00,535501,Mexican Border,Brownsville,B&M,peatones,general,no delay,0,1,At 6:00 pm CDT,Open,norte
2026-08-19T23:46:17+00:00,535504,Mexican Border,Brownsville,Gateway,pasajeros,general,delay,10,2,At 6:00 pm CDT,Open,norte
2026-08-19T23:46:17+00:00,535504,Mexican Border,Brownsville,Gateway,pasajeros,ready,delay,10,2,At 6:00 pm CDT,Open,norte
2026-08-19T23:46:17+00:00,535504,Mexican Border,Brownsville,Gateway,peatones,general,no delay,0,1,At 6:00 pm CDT,Open,norte
2026-08-19T23:46:17+00:00,535504,Mexican Border,Brownsville,Gateway,peatones,ready,no delay,0,1,At 6:00 pm CDT,Open,norte
2026-08-19T23:46:17+00:00,535503,Mexican Border,Brownsville,Los Indios,pasajeros,general,no delay,5,1,At 6:00 pm CDT,Open,norte
2026-08-19T23:46:17+00:00,535503,Mexican Border,Brownsville,Los Indios,carga,general,no delay,0,1,At 6:00 pm CDT,Open,norte
2026-08-19T23:46:17+00:00,535502,Mexican Border,Brownsville,Veterans International,pasajeros,general,no delay,5,1,At 6:00 pm CDT,Open,norte
2026-08-19T23:46:17+00:00,535502,Mexican Border,Brownsville,Veterans International,pasajeros,sentri,no delay,0,2,At 6:00 pm CDT,Open,norte
2026-08-19T23:46:17+00:00,535502,Mexican Border,Brownsville,Veterans International,pasajeros,ready,no delay,5,1,At 6:00 pm CDT,Open,norte
2026-08-19T23:46:17+00:00,535502,Mexican Border,Brownsville,Veterans International,peatones,general,no delay,0,1,At 6:00 pm CDT,Open,norte
2026-08-19T23:46:17+00:00,535502,Mexican Border,Brownsville,Veterans International,carga,general,delay,30,2,At 6:00 pm CDT,Open,norte
2026-08-19T23:46:17+00:00,250302,Mexican Border,Calexico,West,pasajeros,sentri,no delay,5,3,At 4:00 pm PDT,Open,norte
2026-08-19T23:46:17+00:00,230201,Mexican Border,Del Rio,,pasajeros,general,no delay,5,1,At 6:00 pm CDT,Open,norte
2026-08-19T23:46:17+00:00,230201,Mexican Border,Del Rio,,pasajeros,sentri,no delay,0,1,At 6:00 pm CDT,Open,norte
2026-08-19T23:46:17+00:00,230201,Mexican Border,Del Rio,,pasajeros,ready,no delay,5,2,At 6:00 pm CDT,Open,norte
2026-08-19T23:46:17+00:00,230201,Mexican Border,Del Rio,,carga,general,no delay,0,1,At 6:00 pm CDT,Open,norte
2026-08-19T23:46:17+00:00,260101,Mexican Border,Douglas (Raul Hector Castro),,pasajeros,general,delay,30,3,At 4:00 pm PST,Open,norte
2026-08-19T23:46:17+00:00,260101,Mexican Border,Douglas (Raul Hector Castro),,pasajeros,sentri,no delay,3,1,At 4:00 pm PST,Open,norte
2026-08-19T23:46:17+00:00,260101,Mexican Border,Douglas (Raul Hector Castro),,peatones,general,no delay,3,2,At 4:00 pm PST,Open,norte
2026-08-19T23:46:17+00:00,230301,Mexican Border,Eagle Pass,Bridge I,pasajeros,ready,delay,60,2,At 6:00 pm CDT,Open,norte
2026-08-19T23:46:17+00:00,230302,Mexican Border,Eagle Pass,Bridge II,pasajeros,general,delay,60,2,At 6:00 pm CDT,Open,norte
2026-08-19T23:46:17+00:00,230302,Mexican Border,Eagle Pass,Bridge II,pasajeros,sentri,no delay,5,1,At 6:00 pm CDT,Open,norte
2026-08-19T23:46:17+00:00,230302,Mexican Border,Eagle Pass,Bridge II,carga,general,delay,60,1,At 6:00 pm CDT,Open,norte
2026-08-19T23:46:17+00:00,240201,Mexican Border,El Paso,Bridge of the Americas (BOTA),pasajeros,general,delay,50,3,At 5:00 pm MDT,Open,norte
2026-08-19T23:46:17+00:00,240201,Mexican Border,El Paso,Bridge of the Americas (BOTA),pasajeros,ready,delay,47,5,At 5:00 pm MDT,Open,norte
2026-08-19T23:46:17+00:00,240201,Mexican Border,El Paso,Bridge of the Americas (BOTA),peatones,general,no delay,2,2,At 5:00 pm MDT,Open,norte
2026-08-19T23:46:17+00:00,240202,Mexican Border,El Paso,Paso Del Norte (PDN),pasajeros,general,delay,21,1,At 5:00 pm MDT,Open,norte
2026-08-19T23:46:17+00:00,240202,Mexican Border,El Paso,Paso Del Norte (PDN),pasajeros,sentri,no delay,1,1,At 5:00 pm MDT,Open,norte
2026-08-19T23:46:17+00:00,240202,Mexican Border,El Paso,Paso Del Norte (PDN),pasajeros,ready,delay,18,4,At 5:00 pm MDT,Open,norte
2026-08-19T23:46:17+00:00,240202,Mexican Border,El Paso,Paso Del Norte (PDN),peatones,general,no delay,1,3,At 5:00 pm MDT,Open,norte
2026-08-19T23:46:17+00:00,240202,Mexican Border,El Paso,Paso Del Norte (PDN),peatones,ready,no delay,1,3,At 5:00 pm MDT,Open,norte
2026-08-19T23:46:17+00:00,240203,Mexican Border,El Paso,Ysleta,pasajeros,sentri,delay,20,4,At 5:00 pm MDT,Open,norte
2026-08-19T23:46:17+00:00,240203,Mexican Border,El Paso,Ysleta,pasajeros,ready,delay,50,2,At 5:00 pm MDT,Open,norte
2026-08-19T23:46:17+00:00,240203,Mexican Border,El Paso,Ysleta,peatones,general,no delay,5,2,At 5:00 pm MDT,Open,norte
2026-08-19T23:46:17+00:00,240203,Mexican Border,El Paso,Ysleta,carga,general,delay,30,4,At 5:00 pm MDT,Open,norte
2026-08-19T23:46:17+00:00,240203,Mexican Border,El Paso,Ysleta,carga,fast,delay,20,3,At 5:00 pm MDT,Open,norte
2026-08-19T23:46:17+00:00,l24501,Mexican Border,Fort Hancock,Fort Hancock,pasajeros,general,no delay,5,1,At 5:00 pm MDT,Open,norte
2026-08-19T23:46:17+00:00,l24501,Mexican Border,Fort Hancock,Fort Hancock,peatones,general,no delay,0,1,At 5:00 pm MDT,Open,norte
2026-08-19T23:46:17+00:00,230503,Mexican Border,Hidalgo/Pharr,Anzalduas International Bridge,pasajeros,general,delay,20,2,At 6:00 pm CDT,Open,norte
2026-08-19T23:46:17+00:00,230503,Mexican Border,Hidalgo/Pharr,Anzalduas International Bridge,pasajeros,ready,delay,15,3,At 6:00 pm CDT,Open,norte
2026-08-19T23:46:17+00:00,230501,Mexican Border,Hidalgo/Pharr,Hidalgo,pasajeros,general,delay,65,2,At 6:00 pm CDT,Open,norte
2026-08-19T23:46:17+00:00,230501,Mexican Border,Hidalgo/Pharr,Hidalgo,pasajeros,sentri,no delay,5,2,At 6:00 pm CDT,Open,norte
2026-08-19T23:46:17+00:00,230501,Mexican Border,Hidalgo/Pharr,Hidalgo,pasajeros,ready,delay,50,2,At 6:00 pm CDT,Open,norte
2026-08-19T23:46:17+00:00,230501,Mexican Border,Hidalgo/Pharr,Hidalgo,peatones,general,no delay,5,4,At 6:00 pm CDT,Open,norte
2026-08-19T23:46:17+00:00,230502,Mexican Border,Hidalgo/Pharr,Pharr,pasajeros,general,Lanes Closed,,,,Open,norte
2026-08-19T23:46:17+00:00,230502,Mexican Border,Hidalgo/Pharr,Pharr,pasajeros,ready,Lanes Closed,,,,Open,norte
2026-08-19T23:46:17+00:00,230502,Mexican Border,Hidalgo/Pharr,Pharr,carga,general,delay,10,5,At 6:00 pm CDT,Open,norte
2026-08-19T23:46:17+00:00,230502,Mexican Border,Hidalgo/Pharr,Pharr,carga,fast,no delay,5,1,At 6:00 pm CDT,Open,norte
2026-08-19T23:46:17+00:00,230401,Mexican Border,Laredo,Bridge I,pasajeros,sentri,no delay,0,4,At 6:00 pm CDT,Open,norte
2026-08-19T23:46:17+00:00,230401,Mexican Border,Laredo,Bridge I,peatones,general,no delay,0,2,At 6:00 pm CDT,Open,norte
2026-08-19T23:46:17+00:00,230401,Mexican Border,Laredo,Bridge I,peatones,ready,no delay,0,2,At 6:00 pm CDT,Open,norte
2026-08-19T23:46:17+00:00,230402,Mexican Border,Laredo,Bridge II,pasajeros,general,delay,10,6,At 6:00 pm CDT,Open,norte
2026-08-19T23:46:17+00:00,230402,Mexican Border,Laredo,Bridge II,pasajeros,ready,delay,15,8,At 6:00 pm CDT,Open,norte
2026-08-19T23:46:17+00:00,230403,Mexican Border,Laredo,Colombia Solidarity,pasajeros,general,no delay,5,2,At 6:00 pm CDT,Open,norte
2026-08-19T23:46:17+00:00,230403,Mexican Border,Laredo,Colombia Solidarity,pasajeros,sentri,no delay,0,1,At 6:00 pm CDT,Open,norte
2026-08-19T23:46:17+00:00,230403,Mexican Border,Laredo,Colombia Solidarity,carga,general,delay,10,3,At 6:00 pm CDT,Open,norte
2026-08-19T23:46:17+00:00,230403,Mexican Border,Laredo,Colombia Solidarity,carga,fast,no delay,5,2,At 6:00 pm CDT,Open,norte
2026-08-19T23:46:17+00:00,230404,Mexican Border,Laredo,World Trade Bridge,carga,general,delay,20,13,At 6:00 pm CDT,Open,norte
2026-08-19T23:46:17+00:00,230404,Mexican Border,Laredo,World Trade Bridge,carga,fast,delay,10,4,At 6:00 pm CDT,Open,norte
2026-08-19T23:46:17+00:00,240401,Mexican Border,Marcelino Serna,Tornillo,pasajeros,general,delay,15,2,At 5:00 pm MDT,Open,norte
2026-08-19T23:46:17+00:00,240401,Mexican Border,Marcelino Serna,Tornillo,peatones,general,no delay,0,2,At 5:00 pm MDT,Open,norte
2026-08-19T23:46:17+00:00,260301,Mexican Border,Naco,,pasajeros,general,no delay,1,1,At 4:00 pm PST,Open,norte
2026-08-19T23:46:17+00:00,260301,Mexican Border,Naco,,peatones,general,no delay,1,1,At 4:00 pm PST,Open,norte
2026-08-19T23:46:17+00:00,260301,Mexican Border,Naco,,carga,general,no delay,1,1,At 4:00 pm PST,Open,norte
2026-08-19T23:46:17+00:00,260401,Mexican Border,Nogales,Deconcini,pasajeros,general,no delay,5,3,At 4:00 pm MST,Open,norte
2026-08-19T23:46:17+00:00,260401,Mexican Border,Nogales,Deconcini,pasajeros,sentri,no delay,5,2,At 4:00 pm MST,Open,norte
2026-08-19T23:46:17+00:00,260401,Mexican Border,Nogales,Deconcini,peatones,general,no delay,0,2,At 4:00 pm MST,Open,norte
2026-08-19T23:46:17+00:00,260402,Mexican Border,Nogales,Mariposa,pasajeros,general,delay,10,5,At 4:00 pm MST,Open,norte
2026-08-19T23:46:17+00:00,260402,Mexican Border,Nogales,Mariposa,peatones,general,no delay,0,2,At 4:00 pm MST,Open,norte
2026-08-19T23:46:17+00:00,260402,Mexican Border,Nogales,Mariposa,carga,general,no delay,0,2,At 4:00 pm MST,Open,norte
2026-08-19T23:46:17+00:00,260402,Mexican Border,Nogales,Mariposa,carga,fast,no delay,0,2,At 4:00 pm MST,Open,norte
2026-08-19T23:46:17+00:00,260403,Mexican Border,Nogales,Morley Gate,peatones,general,no delay,0,2,At 4:00 pm MST,Open,norte
2026-08-19T23:46:17+00:00,250602,Mexican Border,Otay Mesa,Commercial,carga,general,delay,50,5,At 4:00 pm PDT,Open,norte
2026-08-19T23:46:17+00:00,250602,Mexican Border,Otay Mesa,Commercial,carga,fast,delay,20,3,At 4:00 pm PDT,Open,norte
2026-08-19T23:46:17+00:00,240301,Mexican Border,Presidio,PRESIDIO PORT OF ENTRY,pasajeros,general,no delay,5,2,At 6:00 pm CDT,Open,norte
2026-08-19T23:46:17+00:00,230901,Mexican Border,Progreso,Progreso International Bridge,pasajeros,general,delay,10,2,At 6:00 pm CDT,Open,norte
2026-08-19T23:46:17+00:00,230901,Mexican Border,Progreso,Progreso International Bridge,peatones,general,no delay,5,2,At 6:00 pm CDT,Open,norte
2026-08-19T23:46:17+00:00,231001,Mexican Border,Roma,,pasajeros,general,no delay,0,2,At 6:00 pm CDT,Open,norte
2026-08-19T23:46:17+00:00,231001,Mexican Border,Roma,,carga,general,no delay,0,1,At 6:00 pm CDT,Open,norte
2026-08-19T23:46:17+00:00,260802,Mexican Border,San Luis,San Luis II,carga,general,no delay,5,2,At 4:00 pm MST,Open,norte
2026-08-19T23:46:17+00:00,250401,Mexican Border,San Ysidro,,pasajeros,general,delay,100,6,At 4:00 pm PDT,Open,norte
2026-08-19T23:46:17+00:00,250401,Mexican Border,San Ysidro,,pasajeros,sentri,delay,15,11,At 4:00 pm PDT,Open,norte
2026-08-19T23:46:17+00:00,250401,Mexican Border,San Ysidro,,pasajeros,ready,delay,60,12,At 4:00 pm PDT,Open,norte
2026-08-19T23:46:17+00:00,250401,Mexican Border,San Ysidro,,peatones,general,delay,30,14,At 4:00 pm PDT,Open,norte
2026-08-19T23:46:17+00:00,250401,Mexican Border,San Ysidro,,peatones,ready,no delay,5,1,At 4:00 pm PDT,Open,norte
2026-08-19T23:46:17+00:00,250501,Mexican Border,Tecate,,pasajeros,general,delay,60,2,At 4:00 pm PDT,Open,norte
2026-08-19T23:46:17+00:00,250501,Mexican Border,Tecate,,peatones,general,no delay,5,3,At 4:00 pm PDT,Open,norte
2026-08-19T23:46:17+00:00,250501,Mexican Border,Tecate,,carga,general,Lanes Closed,,,,Open,norte
2026-08-19T23:46:17+00:00,SB-SY-I5,Mexican Border,San Ysidro sur (I-5),San Ysidro sur (I-5),pasajeros,general,ok,0,,08/19/2026 4:45pm,,sur
2026-08-19T23:46:17+00:00,SB-SY-I5,Mexican Border,San Ysidro sur (I-5),San Ysidro sur (I-5),pasajeros,pron15,ok,0,,08/19/2026 4:45pm,,sur
2026-08-19T23:46:17+00:00,SB-SY-I5,Mexican Border,San Ysidro sur (I-5),San Ysidro sur (I-5),pasajeros,pron30,ok,0,,08/19/2026 4:45pm,,sur
2026-08-19T23:46:17+00:00,SB-OM-905,Mexican Border,Otay Mesa sur (SR-905),Otay Mesa sur (SR-905),pasajeros,general,ok,0,,08/19/2026 4:45pm,,sur
2026-08-19T23:46:17+00:00,SB-OM-905,Mexican Border,Otay Mesa sur (SR-905),Otay Mesa sur (SR-905),pasajeros,pron15,ok,0,,08/19/2026 4:45pm,,sur
2026-08-19T23:46:17+00:00,SB-OM-905,Mexican Border,Otay Mesa sur (SR-905),Otay Mesa sur (SR-905),pasajeros,pron30,ok,0,,08/19/2026 4:45pm,,sur
2026-08-20T03:12:10+00:00,070801,Canadian Border,Alexandria Bay,Thousand Islands Bridge,pasajeros,general,no delay,0,1,At 11:00 pm EDT,Open,norte
2026-08-20T03:12:10+00:00,070801,Canadian Border,Alexandria Bay,Thousand Islands Bridge,carga,general,no delay,0,1,At 11:00 pm EDT,Open,norte
2026-08-20T03:12:10+00:00,300401,Canadian Border,Blaine,Pacific Highway,pasajeros,general,no delay,5,2,At 6:00 pm PDT,Open,norte
2026-08-20T03:12:10+00:00,300401,Canadian Border,Blaine,Pacific Highway,pasajeros,sentri,no delay,0,1,At 6:00 pm PDT,Open,norte
2026-08-20T03:12:10+00:00,300401,Canadian Border,Blaine,Pacific Highway,carga,general,no delay,0,2,At 6:00 pm PDT,Open,norte
2026-08-20T03:12:10+00:00,300402,Canadian Border,Blaine,Peace Arch,pasajeros,general,delay,20,3,At 6:00 pm PDT,Open,norte
2026-08-20T03:12:10+00:00,300402,Canadian Border,Blaine,Peace Arch,pasajeros,sentri,no delay,0,1,At 6:00 pm PDT,Open,norte
2026-08-20T03:12:10+00:00,090104,Canadian Border,Buffalo/Niagara Falls,Lewiston Bridge,pasajeros,general,no delay,6,2,At 11:00 pm EDT,Open,norte
2026-08-20T03:12:10+00:00,090104,Canadian Border,Buffalo/Niagara Falls,Lewiston Bridge,carga,general,no delay,7,2,At 11:00 pm EDT,Open,norte
2026-08-20T03:12:10+00:00,090101,Canadian Border,Buffalo/Niagara Falls,Peace Bridge,pasajeros,general,no delay,1,2,At 11:00 pm EDT,Open,norte
2026-08-20T03:12:10+00:00,090101,Canadian Border,Buffalo/Niagara Falls,Peace Bridge,pasajeros,sentri,no delay,0,1,At 11:00 pm EDT,Open,norte
2026-08-20T03:12:10+00:00,090101,Canadian Border,Buffalo/Niagara Falls,Peace Bridge,carga,general,no delay,1,4,At 11:00 pm EDT,Open,norte
2026-08-20T03:12:10+00:00,090102,Canadian Border,Buffalo/Niagara Falls,Rainbow Bridge,pasajeros,general,no delay,2,3,At 11:00 pm EDT,Open,norte
2026-08-20T03:12:10+00:00,011501,Canadian Border,Calais,Ferry Point,pasajeros,general,no delay,0,1,At 10:00 pm EDT,Open,norte
2026-08-20T03:12:10+00:00,011503,Canadian Border,Calais,International Avenue,pasajeros,general,no delay,0,1,At 10:00 pm EDT,Open,norte
2026-08-20T03:12:10+00:00,011503,Canadian Border,Calais,International Avenue,carga,general,no delay,0,1,At 10:00 pm EDT,Open,norte
2026-08-20T03:12:10+00:00,020901,Canadian Border,Derby Line,Derby Line I-91,pasajeros,general,no delay,0,1,At 11:00 pm EDT,Open,norte
2026-08-20T03:12:10+00:00,020901,Canadian Border,Derby Line,Derby Line I-91,carga,general,no delay,0,1,At 11:00 pm EDT,Open,norte
2026-08-20T03:12:10+00:00,380001,Canadian Border,Detroit,Ambassador Bridge,pasajeros,general,no delay,0,3,At 10:00 pm EDT,Open,norte
2026-08-20T03:12:10+00:00,380001,Canadian Border,Detroit,Ambassador Bridge,pasajeros,sentri,Lanes Closed,,,,Open,norte
2026-08-20T03:12:10+00:00,380001,Canadian Border,Detroit,Ambassador Bridge,carga,general,no delay,5,4,At 10:00 pm EDT,Open,norte
2026-08-20T03:12:10+00:00,380001,Canadian Border,Detroit,Ambassador Bridge,carga,fast,Lanes Closed,,,,Open,norte
2026-08-20T03:12:10+00:00,380102,Canadian Border,Detroit,Gordie Howe International Bridge,pasajeros,general,no delay,0,3,At 10:00 pm EDT,Open,norte
2026-08-20T03:12:10+00:00,380102,Canadian Border,Detroit,Gordie Howe International Bridge,pasajeros,sentri,Lanes Closed,,,,Open,norte
2026-08-20T03:12:10+00:00,380102,Canadian Border,Detroit,Gordie Howe International Bridge,peatones,general,Lanes Closed,,,,Open,norte
2026-08-20T03:12:10+00:00,380102,Canadian Border,Detroit,Gordie Howe International Bridge,peatones,ready,Lanes Closed,,,,Open,norte
2026-08-20T03:12:10+00:00,380102,Canadian Border,Detroit,Gordie Howe International Bridge,carga,general,no delay,5,2,At 10:00 pm EDT,Open,norte
2026-08-20T03:12:10+00:00,380002,Canadian Border,Detroit,Windsor Tunnel,pasajeros,general,no delay,5,2,At 10:00 pm EDT,Open,norte
2026-08-20T03:12:10+00:00,380002,Canadian Border,Detroit,Windsor Tunnel,pasajeros,sentri,Lanes Closed,,,,Open,norte
2026-08-20T03:12:10+00:00,021201,Canadian Border,Highgate Springs,,pasajeros,general,no delay,5,1,At 11:00 pm EDT,Open,norte
2026-08-20T03:12:10+00:00,021201,Canadian Border,Highgate Springs,,carga,general,no delay,5,1,At 11:00 pm EDT,Open,norte
2026-08-20T03:12:10+00:00,010601,Canadian Border,Houlton,,pasajeros,general,no delay,0,1,At 11:00 pm EDT,Open,norte
2026-08-20T03:12:10+00:00,010601,Canadian Border,Houlton,,carga,general,no delay,0,1,At 11:00 pm EDT,Open,norte
2026-08-20T03:12:10+00:00,360401,Canadian Border,International Falls,,pasajeros,general,no delay,0,1,At 11:00 pm CDT,Open,norte
2026-08-20T03:12:10+00:00,360401,Canadian Border,International Falls,,carga,general,no delay,0,1,At 11:00 pm CDT,Open,norte
2026-08-20T03:12:10+00:00,010401,Canadian Border,Jackman,,pasajeros,general,no delay,0,1,At 11:00 pm EDT,Open,norte
2026-08-20T03:12:10+00:00,010401,Canadian Border,Jackman,,carga,general,no delay,0,1,At 11:00 pm EDT,Open,norte
2026-08-20T03:12:10+00:00,302301,Canadian Border,Lynden,,pasajeros,general,no delay,5,1,At 8:00 pm PDT,Open,norte
2026-08-20T03:12:10+00:00,302301,Canadian Border,Lynden,,pasajeros,sentri,Lanes Closed,,,,Open,norte
2026-08-20T03:12:10+00:00,302301,Canadian Border,Lynden,,carga,general,no delay,5,1,At 8:00 pm PDT,Open,norte
2026-08-20T03:12:10+00:00,L01901,Canadian Border,Madawaska,,pasajeros,general,no delay,0,1,At 11:00 pm EDT,Open,norte
2026-08-20T03:12:10+00:00,L01901,Canadian Border,Madawaska,,carga,general,no delay,0,1,At 11:00 pm EDT,Open,norte
2026-08-20T03:12:10+00:00,070401,Canadian Border,Massena,,pasajeros,general,no delay,0,1,At 11:00 pm EDT,Open,norte
2026-08-20T03:12:10+00:00,070401,Canadian Border,Massena,,carga,general,no delay,0,1,At 11:00 pm EDT,Open,norte
2026-08-20T03:12:10+00:00,021101,Canadian Border,Norton,,pasajeros,general,no delay,0,1,At 11:00 pm EDT,Open,norte
2026-08-20T03:12:10+00:00,021101,Canadian Border,Norton,,carga,general,no delay,0,1,At 11:00 pm EDT,Open,norte
2026-08-20T03:12:10+00:00,340101,Canadian Border,Pembina,,pasajeros,general,no delay,5,1,At 7:00 pm CDT,Open,norte
2026-08-20T03:12:10+00:00,340101,Canadian Border,Pembina,,carga,general,delay,25,1,At 7:00 pm CDT,Open,norte
2026-08-20T03:12:10+00:00,380201,Canadian Border,Port Huron,Bluewater Bridge,pasajeros,general,no delay,0,2,At 10:00 pm EST,Open,norte
2026-08-20T03:12:10+00:00,380201,Canadian Border,Port Huron,Bluewater Bridge,pasajeros,sentri,Lanes Closed,,,,Open,norte
2026-08-20T03:12:10+00:00,380201,Canadian Border,Port Huron,Bluewater Bridge,carga,general,no delay,5,4,At 10:00 pm EST,Open,norte
2026-08-20T03:12:10+00:00,380201,Canadian Border,Port Huron,Bluewater Bridge,carga,fast,no delay,0,1,At 10:00 pm EST,Open,norte
2026-08-20T03:12:10+00:00,300901,Canadian Border,Sumas,,pasajeros,general,no delay,0,1,At 9:00 pm PDT,Open,norte
2026-08-20T03:12:10+00:00,300901,Canadian Border,Sumas,,carga,general,no delay,0,1,At 9:00 pm PDT,Open,norte
2026-08-20T03:12:10+00:00,331001,Canadian Border,Sweetgrass,,pasajeros,general,delay,30,1,At 7:00 pm MDT,Open,norte
2026-08-20T03:12:10+00:00,331001,Canadian Border,Sweetgrass,,carga,general,delay,30,1,At 7:00 pm MDT,Open,norte
2026-08-20T03:12:10+00:00,250201,Mexican Border,Andrade,,pasajeros,general,delay,30,1,At 8:00 pm PDT,Open,norte
2026-08-20T03:12:10+00:00,250201,Mexican Border,Andrade,,peatones,general,no delay,0,1,At 8:00 pm PDT,Open,norte
2026-08-20T03:12:10+00:00,535501,Mexican Border,Brownsville,B&M,pasajeros,general,no delay,5,4,At 10:00 pm CDT,Open,norte
2026-08-20T03:12:10+00:00,535501,Mexican Border,Brownsville,B&M,pasajeros,ready,Lanes Closed,,,,Open,norte
2026-08-20T03:12:10+00:00,535501,Mexican Border,Brownsville,B&M,peatones,general,Lanes Closed,,,,Open,norte
2026-08-20T03:12:10+00:00,535504,Mexican Border,Brownsville,Gateway,pasajeros,general,no delay,5,4,At 10:00 pm CDT,Open,norte
2026-08-20T03:12:10+00:00,535504,Mexican Border,Brownsville,Gateway,pasajeros,ready,Lanes Closed,,,,Open,norte
2026-08-20T03:12:10+00:00,535504,Mexican Border,Brownsville,Gateway,peatones,general,no delay,5,2,At 10:00 pm CDT,Open,norte
2026-08-20T03:12:10+00:00,535504,Mexican Border,Brownsville,Gateway,peatones,ready,Lanes Closed,,,,Open,norte
2026-08-20T03:12:10+00:00,535503,Mexican Border,Brownsville,Los Indios,pasajeros,general,Lanes Closed,,,,Open,norte
2026-08-20T03:12:10+00:00,535503,Mexican Border,Brownsville,Los Indios,carga,general,Lanes Closed,,,,Open,norte
2026-08-20T03:12:10+00:00,535502,Mexican Border,Brownsville,Veterans International,pasajeros,general,no delay,5,3,At 10:00 pm CDT,Open,norte
2026-08-20T03:12:10+00:00,535502,Mexican Border,Brownsville,Veterans International,pasajeros,sentri,no delay,0,1,At 10:00 pm CDT,Open,norte
2026-08-20T03:12:10+00:00,535502,Mexican Border,Brownsville,Veterans International,pasajeros,ready,Lanes Closed,,,,Open,norte
2026-08-20T03:12:10+00:00,535502,Mexican Border,Brownsville,Veterans International,peatones,general,no delay,0,1,At 10:00 pm CDT,Open,norte
2026-08-20T03:12:10+00:00,535502,Mexican Border,Brownsville,Veterans International,carga,general,no delay,0,2,At 10:00 pm CDT,Open,norte
2026-08-20T03:12:10+00:00,250302,Mexican Border,Calexico,West,pasajeros,general,delay,60,2,At 8:00 pm PDT,Open,norte
2026-08-20T03:12:10+00:00,250302,Mexican Border,Calexico,West,pasajeros,sentri,no delay,5,4,At 8:00 pm PDT,Open,norte
2026-08-20T03:12:10+00:00,250302,Mexican Border,Calexico,West,pasajeros,ready,delay,60,3,At 8:00 pm PDT,Open,norte
2026-08-20T03:12:10+00:00,250302,Mexican Border,Calexico,West,peatones,general,delay,20,3,At 8:00 pm PDT,Open,norte
2026-08-20T03:12:10+00:00,250302,Mexican Border,Calexico,West,peatones,ready,delay,20,3,At 8:00 pm PDT,Open,norte
2026-08-20T03:12:10+00:00,240601,Mexican Border,Columbus,,pasajeros,general,no delay,5,1,At 9:00 pm MDT,Open,norte
2026-08-20T03:12:10+00:00,240601,Mexican Border,Columbus,,peatones,general,no delay,0,1,At 9:00 pm MDT,Open,norte
2026-08-20T03:12:10+00:00,230201,Mexican Border,Del Rio,,pasajeros,general,delay,10,1,At 9:00 pm CDT,Open,norte
2026-08-20T03:12:10+00:00,230201,Mexican Border,Del Rio,,pasajeros,sentri,no delay,0,1,At 9:00 pm CDT,Open,norte
2026-08-20T03:12:10+00:00,230201,Mexican Border,Del Rio,,pasajeros,ready,delay,10,1,At 9:00 pm CDT,Open,norte
2026-08-20T03:12:10+00:00,230201,Mexican Border,Del Rio,,carga,general,no delay,0,1,At 9:00 pm CDT,Open,norte
2026-08-20T03:12:10+00:00,260101,Mexican Border,Douglas (Raul Hector Castro),,pasajeros,general,delay,60,3,At 8:00 pm PST,Open,norte
2026-08-20T03:12:10+00:00,260101,Mexican Border,Douglas (Raul Hector Castro),,pasajeros,sentri,no delay,5,1,At 8:00 pm PST,Open,norte
2026-08-20T03:12:10+00:00,260101,Mexican Border,Douglas (Raul Hector Castro),,peatones,general,no delay,3,2,At 8:00 pm PST,Open,norte
2026-08-20T03:12:10+00:00,230301,Mexican Border,Eagle Pass,Bridge I,pasajeros,ready,delay,60,2,At 9:00 pm CDT,Open,norte
2026-08-20T03:12:10+00:00,230302,Mexican Border,Eagle Pass,Bridge II,pasajeros,general,delay,30,2,At 9:00 pm CDT,Open,norte
2026-08-20T03:12:10+00:00,230302,Mexican Border,Eagle Pass,Bridge II,pasajeros,sentri,no delay,5,1,At 9:00 pm CDT,Open,norte
2026-08-20T03:12:10+00:00,230302,Mexican Border,Eagle Pass,Bridge II,carga,general,delay,30,1,At 9:00 pm CDT,Open,norte
2026-08-20T03:12:10+00:00,240201,Mexican Border,El Paso,Bridge of the Americas (BOTA),pasajeros,general,delay,38,3,At 8:00 pm MDT,Open,norte
2026-08-20T03:12:10+00:00,240201,Mexican Border,El Paso,Bridge of the Americas (BOTA),pasajeros,ready,delay,34,8,At 8:00 pm MDT,Open,norte
2026-08-20T03:12:10+00:00,240201,Mexican Border,El Paso,Bridge of the Americas (BOTA),peatones,general,no delay,2,1,At 8:00 pm MDT,Open,norte
2026-08-20T03:12:10+00:00,240201,Mexican Border,El Paso,Bridge of the Americas (BOTA),peatones,ready,no delay,2,1,At 8:00 pm MDT,Open,norte
2026-08-20T03:12:10+00:00,240202,Mexican Border,El Paso,Paso Del Norte (PDN),pasajeros,general,delay,33,1,At 9:00 pm MDT,Open,norte
2026-08-20T03:12:10+00:00,240202,Mexican Border,El Paso,Paso Del Norte (PDN),pasajeros,sentri,no delay,1,1,At 9:00 pm MDT,Open,norte
2026-08-20T03:12:10+00:00,240202,Mexican Border,El Paso,Paso Del Norte (PDN),pasajeros,ready,delay,35,4,At 9:00 pm MDT,Open,norte
2026-08-20T03:12:10+00:00,240202,Mexican Border,El Paso,Paso Del Norte (PDN),peatones,general,no delay,1,2,At 9:00 pm MDT,Open,norte
2026-08-20T03:12:10+00:00,240202,Mexican Border,El Paso,Paso Del Norte (PDN),peatones,ready,no delay,1,2,At 9:00 pm MDT,Open,norte
2026-08-20T03:12:10+00:00,240204,Mexican Border,El Paso,Stanton DCL,pasajeros,sentri,no delay,1,1,At 9:00 pm MDT,Open,norte
2026-08-20T03:12:10+00:00,240203,Mexican Border,El Paso,Ysleta,pasajeros,sentri,no delay,1,2,At 9:00 pm MDT,Open,norte
2026-08-20T03:12:10+00:00,240203,Mexican Border,El Paso,Ysleta,pasajeros,ready,delay,35,3,At 9:00 pm MDT,Open,norte
2026-08-20T03:12:10+00:00,240203,Mexican Border,El Paso,Ysleta,peatones,general,Lanes Closed,,,,Open,norte
2026-08-20T03:12:10+00:00,240203,Mexican Border,El Paso,Ysleta,carga,general,delay,20,4,At 9:00 pm MDT,Open,norte
2026-08-20T03:12:10+00:00,240203,Mexican Border,El Paso,Ysleta,carga,fast,delay,10,2,At 9:00 pm MDT,Open,norte
2026-08-20T03:12:10+00:00,230503,Mexican Border,Hidalgo/Pharr,Anzalduas International Bridge,pasajeros,general,Lanes Closed,,,,Open,norte
2026-08-20T03:12:10+00:00,230503,Mexican Border,Hidalgo/Pharr,Anzalduas International Bridge,pasajeros,ready,Lanes Closed,,,,Open,norte
2026-08-20T03:12:10+00:00,230501,Mexican Border,Hidalgo/Pharr,Hidalgo,pasajeros,general,delay,45,2,At 10:00 pm CDT,Open,norte
2026-08-20T03:12:10+00:00,230501,Mexican Border,Hidalgo/Pharr,Hidalgo,pasajeros,sentri,no delay,5,2,At 10:00 pm CDT,Open,norte
2026-08-20T03:12:10+00:00,230501,Mexican Border,Hidalgo/Pharr,Hidalgo,pasajeros,ready,delay,40,2,At 10:00 pm CDT,Open,norte
2026-08-20T03:12:10+00:00,230501,Mexican Border,Hidalgo/Pharr,Hidalgo,peatones,general,no delay,5,4,At 10:00 pm CDT,Open,norte
2026-08-20T03:12:10+00:00,230502,Mexican Border,Hidalgo/Pharr,Pharr,carga,general,Lanes Closed,,,,Open,norte
2026-08-20T03:12:10+00:00,230502,Mexican Border,Hidalgo/Pharr,Pharr,carga,fast,Lanes Closed,,,,Open,norte
2026-08-20T03:12:10+00:00,230401,Mexican Border,Laredo,Bridge I,pasajeros,sentri,no delay,0,4,At 10:00 pm CDT,Open,norte
2026-08-20T03:12:10+00:00,230401,Mexican Border,Laredo,Bridge I,peatones,general,no delay,0,2,At 10:00 pm CDT,Open,norte
2026-08-20T03:12:10+00:00,230401,Mexican Border,Laredo,Bridge I,peatones,ready,no delay,0,2,At 10:00 pm CDT,Open,norte
2026-08-20T03:12:10+00:00,230402,Mexican Border,Laredo,Bridge II,pasajeros,general,no delay,0,6,At 10:00 pm CDT,Open,norte
2026-08-20T03:12:10+00:00,230402,Mexican Border,Laredo,Bridge II,pasajeros,ready,no delay,0,8,At 10:00 pm CDT,Open,norte
2026-08-20T03:12:10+00:00,230403,Mexican Border,Laredo,Colombia Solidarity,pasajeros,general,no delay,0,2,At 10:00 pm CDT,Open,norte
2026-08-20T03:12:10+00:00,230403,Mexican Border,Laredo,Colombia Solidarity,pasajeros,sentri,no delay,0,1,At 10:00 pm CDT,Open,norte
2026-08-20T03:12:10+00:00,230403,Mexican Border,Laredo,Colombia Solidarity,carga,general,no delay,0,3,At 10:00 pm CDT,Open,norte
2026-08-20T03:12:10+00:00,230403,Mexican Border,Laredo,Colombia Solidarity,carga,fast,no delay,0,2,At 10:00 pm CDT,Open,norte
2026-08-20T03:12:10+00:00,230404,Mexican Border,Laredo,World Trade Bridge,carga,general,delay,20,13,At 10:00 pm CDT,Open,norte
2026-08-20T03:12:10+00:00,230404,Mexican Border,Laredo,World Trade Bridge,carga,fast,delay,10,4,At 10:00 pm CDT,Open,norte
2026-08-20T03:12:10+00:00,260201,Mexican Border,Lukeville,,pasajeros,general,no delay,0,1,At 7:00 pm MST,Closed,norte
2026-08-20T03:12:10+00:00,260201,Mexican Border,Lukeville,,carga,general,no delay,0,1,At 7:00 pm MST,Closed,norte
2026-08-20T03:12:10+00:00,240401,Mexican Border,Marcelino Serna,Tornillo,pasajeros,general,delay,15,1,At 9:00 pm MDT,Open,norte
2026-08-20T03:12:10+00:00,240401,Mexican Border,Marcelino Serna,Tornillo,peatones,general,no delay,0,2,At 9:00 pm MDT,Open,norte
2026-08-20T03:12:10+00:00,260301,Mexican Border,Naco,,pasajeros,general,no delay,1,1,At 7:00 pm PST,Open,norte
2026-08-20T03:12:10+00:00,260301,Mexican Border,Naco,,peatones,general,no delay,1,1,At 7:00 pm PST,Open,norte
2026-08-20T03:12:10+00:00,260301,Mexican Border,Naco,,carga,general,Lanes Closed,,,,Open,norte
2026-08-20T03:12:10+00:00,260401,Mexican Border,Nogales,Deconcini,pasajeros,general,delay,15,3,At 8:00 pm MST,Open,norte
2026-08-20T03:12:10+00:00,260401,Mexican Border,Nogales,Deconcini,pasajeros,sentri,no delay,5,2,At 8:00 pm MST,Open,norte
2026-08-20T03:12:10+00:00,260401,Mexican Border,Nogales,Deconcini,peatones,general,no delay,0,2,At 8:00 pm MST,Open,norte
2026-08-20T03:12:10+00:00,260402,Mexican Border,Nogales,Mariposa,pasajeros,general,delay,15,5,At 8:00 pm MST,Open,norte
2026-08-20T03:12:10+00:00,260402,Mexican Border,Nogales,Mariposa,peatones,general,no delay,0,2,At 8:00 pm MST,Open,norte
2026-08-20T03:12:10+00:00,260402,Mexican Border,Nogales,Mariposa,carga,general,Lanes Closed,,,,Open,norte
2026-08-20T03:12:10+00:00,260402,Mexican Border,Nogales,Mariposa,carga,fast,Lanes Closed,,,,Open,norte
2026-08-20T03:12:10+00:00,260403,Mexican Border,Nogales,Morley Gate,peatones,general,no delay,0,2,At 5:00 pm MST,Closed,norte
2026-08-20T03:12:10+00:00,250602,Mexican Border,Otay Mesa,Commercial,carga,general,delay,15,8,At 7:00 pm PDT,Open,norte
2026-08-20T03:12:10+00:00,250602,Mexican Border,Otay Mesa,Commercial,carga,fast,Lanes Closed,,,,Open,norte
2026-08-20T03:12:10+00:00,250601,Mexican Border,Otay Mesa,Passenger,pasajeros,general,delay,70,2,At 7:00 pm PDT,Open,norte
2026-08-20T03:12:10+00:00,250601,Mexican Border,Otay Mesa,Passenger,pasajeros,sentri,no delay,5,3,At 7:00 pm PDT,Open,norte
2026-08-20T03:12:10+00:00,250601,Mexican Border,Otay Mesa,Passenger,pasajeros,ready,delay,40,5,At 7:00 pm PDT,Open,norte
2026-08-20T03:12:10+00:00,250601,Mexican Border,Otay Mesa,Passenger,peatones,general,no delay,5,6,At 7:00 pm PDT,Open,norte
2026-08-20T03:12:10+00:00,240301,Mexican Border,Presidio,PRESIDIO PORT OF ENTRY,pasajeros,general,no delay,5,2,At 10:00 pm CDT,Open,norte
2026-08-20T03:12:10+00:00,240301,Mexican Border,Presidio,PRESIDIO PORT OF ENTRY,peatones,general,no delay,0,1,At 10:00 pm CDT,Open,norte
2026-08-20T03:12:10+00:00,230902,Mexican Border,Progreso,Donna International Bridge,pasajeros,general,delay,15,2,At 8:00 pm CDT,Open,norte
2026-08-20T03:12:10+00:00,230901,Mexican Border,Progreso,Progreso International Bridge,pasajeros,general,no delay,5,2,At 10:00 pm CDT,Open,norte
2026-08-20T03:12:10+00:00,230901,Mexican Border,Progreso,Progreso International Bridge,peatones,general,no delay,2,1,At 10:00 pm CDT,Open,norte
2026-08-20T03:12:10+00:00,230701,Mexican Border,Rio Grande City,,pasajeros,general,no delay,0,2,At 9:00 pm CDT,Open,norte
2026-08-20T03:12:10+00:00,230701,Mexican Border,Rio Grande City,,carga,general,Lanes Closed,,,,Open,norte
2026-08-20T03:12:10+00:00,260802,Mexican Border,San Luis,San Luis II,carga,general,no delay,0,2,At 5:00 pm MST,Closed,norte
2026-08-20T03:12:10+00:00,250401,Mexican Border,San Ysidro,,pasajeros,general,delay,45,3,At 7:00 pm PDT,Open,norte
2026-08-20T03:12:10+00:00,250401,Mexican Border,San Ysidro,,pasajeros,sentri,delay,10,9,At 7:00 pm PDT,Open,norte
2026-08-20T03:12:10+00:00,250401,Mexican Border,San Ysidro,,pasajeros,ready,delay,30,18,At 7:00 pm PDT,Open,norte
2026-08-20T03:12:10+00:00,250401,Mexican Border,San Ysidro,,peatones,general,delay,10,15,At 7:00 pm PDT,Open,norte
2026-08-20T03:12:10+00:00,250401,Mexican Border,San Ysidro,,peatones,ready,no delay,5,1,At 7:00 pm PDT,Open,norte
2026-08-20T03:12:10+00:00,250409,Mexican Border,San Ysidro,Cross Border Express,peatones,general,no delay,0,5,At 9:00 pm PDT,Open,norte
2026-08-20T03:12:10+00:00,250409,Mexican Border,San Ysidro,Cross Border Express,peatones,ready,no delay,0,2,At 9:00 pm PDT,Open,norte
2026-08-20T03:12:10+00:00,240801,Mexican Border,Santa Teresa,Santa Teresa Port of Entry,pasajeros,general,delay,15,1,At 9:00 pm MDT,Open,norte
2026-08-20T03:12:10+00:00,240801,Mexican Border,Santa Teresa,Santa Teresa Port of Entry,pasajeros,ready,delay,10,1,At 9:00 pm MDT,Open,norte
2026-08-20T03:12:10+00:00,240801,Mexican Border,Santa Teresa,Santa Teresa Port of Entry,peatones,general,no delay,5,1,At 9:00 pm MDT,Open,norte
2026-08-20T03:12:10+00:00,240801,Mexican Border,Santa Teresa,Santa Teresa Port of Entry,carga,general,delay,10,1,At 9:00 pm MDT,Open,norte
2026-08-20T03:12:10+00:00,240801,Mexican Border,Santa Teresa,Santa Teresa Port of Entry,carga,fast,no delay,5,1,At 9:00 pm MDT,Open,norte
2026-08-20T03:12:10+00:00,250501,Mexican Border,Tecate,,pasajeros,general,delay,60,2,At 8:00 pm PDT,Open,norte
2026-08-20T03:12:10+00:00,250501,Mexican Border,Tecate,,peatones,general,no delay,5,3,At 8:00 pm PDT,Open,norte
2026-08-20T03:12:10+00:00,SB-SY-I5,Mexican Border,San Ysidro sur (I-5),San Ysidro sur (I-5),pasajeros,general,ok,0,,08/19/2026 8:10pm,,sur
2026-08-20T03:12:10+00:00,SB-SY-I5,Mexican Border,San Ysidro sur (I-5),San Ysidro sur (I-5),pasajeros,pron15,ok,0,,08/19/2026 8:10pm,,sur
2026-08-20T03:12:10+00:00,SB-SY-I5,Mexican Border,San Ysidro sur (I-5),San Ysidro sur (I-5),pasajeros,pron30,ok,0,,08/19/2026 8:10pm,,sur
2026-08-20T03:12:10+00:00,SB-OM-905,Mexican Border,Otay Mesa sur (SR-905),Otay Mesa sur (SR-905),pasajeros,general,ok,0,,08/19/2026 8:10pm,,sur
2026-08-20T03:12:10+00:00,SB-OM-905,Mexican Border,Otay Mesa sur (SR-905),Otay Mesa sur (SR-905),pasajeros,pron15,ok,0,,08/19/2026 8:10pm,,sur
2026-08-20T03:12:10+00:00,SB-OM-905,Mexican Border,Otay Mesa sur (SR-905),Otay Mesa sur (SR-905),pasajeros,pron30,ok,0,,08/19/2026 8:10pm,,sur
2026-08-20T05:06:33+00:00,070801,Canadian Border,Alexandria Bay,Thousand Islands Bridge,pasajeros,general,no delay,0,1,At 2:00 am EDT,Open,norte
2026-08-20T05:06:33+00:00,070801,Canadian Border,Alexandria Bay,Thousand Islands Bridge,carga,general,no delay,0,1,At 2:00 am EDT,Open,norte
2026-08-20T05:06:33+00:00,300401,Canadian Border,Blaine,Pacific Highway,pasajeros,general,no delay,0,2,At 9:00 pm PDT,Open,norte
2026-08-20T05:06:33+00:00,300401,Canadian Border,Blaine,Pacific Highway,pasajeros,sentri,Lanes Closed,,,,Open,norte
2026-08-20T05:06:33+00:00,300401,Canadian Border,Blaine,Pacific Highway,carga,general,no delay,0,2,At 9:00 pm PDT,Open,norte
2026-08-20T05:06:33+00:00,300402,Canadian Border,Blaine,Peace Arch,pasajeros,general,no delay,0,2,At 9:00 pm PDT,Open,norte
2026-08-20T05:06:33+00:00,300402,Canadian Border,Blaine,Peace Arch,pasajeros,sentri,no delay,0,1,At 9:00 pm PDT,Open,norte
2026-08-20T05:06:33+00:00,090104,Canadian Border,Buffalo/Niagara Falls,Lewiston Bridge,pasajeros,general,no delay,5,1,At 0:47 am EDT,Open,norte
2026-08-20T05:06:33+00:00,090104,Canadian Border,Buffalo/Niagara Falls,Lewiston Bridge,carga,general,delay,19,2,At 0:47 am EDT,Open,norte
2026-08-20T05:06:33+00:00,090101,Canadian Border,Buffalo/Niagara Falls,Peace Bridge,pasajeros,general,no delay,3,1,At 0:47 am EDT,Open,norte
2026-08-20T05:06:33+00:00,090101,Canadian Border,Buffalo/Niagara Falls,Peace Bridge,pasajeros,sentri,Lanes Closed,,,,Open,norte
2026-08-20T05:06:33+00:00,090101,Canadian Border,Buffalo/Niagara Falls,Peace Bridge,carga,general,no delay,2,4,At 0:47 am EDT,Open,norte
2026-08-20T05:06:33+00:00,090102,Canadian Border,Buffalo/Niagara Falls,Rainbow Bridge,pasajeros,general,delay,15,2,At 0:47 am EDT,Open,norte
2026-08-20T05:06:33+00:00,011501,Canadian Border,Calais,Ferry Point,pasajeros,general,Update Pending,,,,Open,norte
2026-08-20T05:06:33+00:00,011501,Canadian Border,Calais,Ferry Point,pasajeros,sentri,Update Pending,,,,Open,norte
2026-08-20T05:06:33+00:00,011501,Canadian Border,Calais,Ferry Point,pasajeros,ready,Update Pending,,,,Open,norte
2026-08-20T05:06:33+00:00,011501,Canadian Border,Calais,Ferry Point,peatones,general,Update Pending,,,,Open,norte
2026-08-20T05:06:33+00:00,011501,Canadian Border,Calais,Ferry Point,peatones,ready,Update Pending,,,,Open,norte
2026-08-20T05:06:33+00:00,011501,Canadian Border,Calais,Ferry Point,carga,general,Update Pending,,,,Open,norte
2026-08-20T05:06:33+00:00,011501,Canadian Border,Calais,Ferry Point,carga,fast,Update Pending,,,,Open,norte
2026-08-20T05:06:33+00:00,011503,Canadian Border,Calais,International Avenue,pasajeros,general,Update Pending,,,,Open,norte
2026-08-20T05:06:33+00:00,011503,Canadian Border,Calais,International Avenue,pasajeros,sentri,Update Pending,,,,Open,norte
2026-08-20T05:06:33+00:00,011503,Canadian Border,Calais,International Avenue,pasajeros,ready,Update Pending,,,,Open,norte
2026-08-20T05:06:33+00:00,011503,Canadian Border,Calais,International Avenue,peatones,general,Update Pending,,,,Open,norte
2026-08-20T05:06:33+00:00,011503,Canadian Border,Calais,International Avenue,peatones,ready,Update Pending,,,,Open,norte
2026-08-20T05:06:33+00:00,011503,Canadian Border,Calais,International Avenue,carga,general,Update Pending,,,,Open,norte
2026-08-20T05:06:33+00:00,011503,Canadian Border,Calais,International Avenue,carga,fast,Update Pending,,,,Open,norte
2026-08-20T05:06:33+00:00,011502,Canadian Border,Calais,Milltown,pasajeros,general,Update Pending,,,,Closed,norte
2026-08-20T05:06:33+00:00,011502,Canadian Border,Calais,Milltown,pasajeros,sentri,Update Pending,,,,Closed,norte
2026-08-20T05:06:33+00:00,011502,Canadian Border,Calais,Milltown,pasajeros,ready,Update Pending,,,,Closed,norte
2026-08-20T05:06:33+00:00,011502,Canadian Border,Calais,Milltown,peatones,general,Update Pending,,,,Closed,norte
2026-08-20T05:06:33+00:00,011502,Canadian Border,Calais,Milltown,peatones,ready,Update Pending,,,,Closed,norte
2026-08-20T05:06:33+00:00,011502,Canadian Border,Calais,Milltown,carga,general,Update Pending,,,,Closed,norte
2026-08-20T05:06:33+00:00,011502,Canadian Border,Calais,Milltown,carga,fast,Update Pending,,,,Closed,norte
2026-08-20T05:06:33+00:00,071201,Canadian Border,Champlain,,pasajeros,general,no delay,0,1,At Midnight EDT,Open,norte
2026-08-20T05:06:33+00:00,071201,Canadian Border,Champlain,,pasajeros,sentri,Lanes Closed,,,,Open,norte
2026-08-20T05:06:33+00:00,071201,Canadian Border,Champlain,,carga,general,Lanes Closed,,,,Open,norte
2026-08-20T05:06:33+00:00,071201,Canadian Border,Champlain,,carga,fast,Lanes Closed,,,,Open,norte
2026-08-20T05:06:33+00:00,020901,Canadian Border,Derby Line,Derby Line I-91,pasajeros,general,no delay,5,1,At 8:00 am EDT,Open,norte
2026-08-20T05:06:33+00:00,020901,Canadian Border,Derby Line,Derby Line I-91,carga,general,no delay,0,1,At 8:00 am EDT,Open,norte
2026-08-20T05:06:33+00:00,380001,Canadian Border,Detroit,Ambassador Bridge,pasajeros,general,no delay,0,1,At Midnight EDT,Open,norte
2026-08-20T05:06:33+00:00,380001,Canadian Border,Detroit,Ambassador Bridge,carga,general,delay,15,3,At Midnight EDT,Open,norte
2026-08-20T05:06:33+00:00,380102,Canadian Border,Detroit,Gordie Howe International Bridge,pasajeros,general,no delay,0,2,At Midnight EDT,Open,norte
2026-08-20T05:06:33+00:00,380102,Canadian Border,Detroit,Gordie Howe International Bridge,carga,general,no delay,0,3,At Midnight EDT,Open,norte
2026-08-20T05:06:33+00:00,380002,Canadian Border,Detroit,Windsor Tunnel,pasajeros,general,no delay,0,2,At Midnight EDT,Open,norte
2026-08-20T05:06:33+00:00,021201,Canadian Border,Highgate Springs,,pasajeros,general,Update Pending,,,,Open,norte
2026-08-20T05:06:33+00:00,021201,Canadian Border,Highgate Springs,,pasajeros,sentri,Update Pending,,,,Open,norte
2026-08-20T05:06:33+00:00,021201,Canadian Border,Highgate Springs,,pasajeros,ready,Update Pending,,,,Open,norte
2026-08-20T05:06:33+00:00,021201,Canadian Border,Highgate Springs,,peatones,general,Update Pending,,,,Open,norte
2026-08-20T05:06:33+00:00,021201,Canadian Border,Highgate Springs,,peatones,ready,Update Pending,,,,Open,norte
2026-08-20T05:06:33+00:00,021201,Canadian Border,Highgate Springs,,carga,general,Update Pending,,,,Open,norte
2026-08-20T05:06:33+00:00,021201,Canadian Border,Highgate Springs,,carga,fast,Update Pending,,,,Open,norte
2026-08-20T05:06:33+00:00,010601,Canadian Border,Houlton,,pasajeros,general,no delay,0,1,At Midnight EDT,Open,norte
2026-08-20T05:06:33+00:00,010601,Canadian Border,Houlton,,carga,general,no delay,0,1,At Midnight EDT,Open,norte
2026-08-20T05:06:33+00:00,010401,Canadian Border,Jackman,,pasajeros,general,no delay,0,1,At 2:00 am EDT,Open,norte
2026-08-20T05:06:33+00:00,010401,Canadian Border,Jackman,,carga,general,no delay,0,1,At 2:00 am EDT,Open,norte
2026-08-20T05:06:33+00:00,302301,Canadian Border,Lynden,,pasajeros,general,no delay,5,1,At 9:00 pm PDT,Open,norte
2026-08-20T05:06:33+00:00,302301,Canadian Border,Lynden,,carga,general,no delay,5,1,At 9:00 pm PDT,Open,norte
2026-08-20T05:06:33+00:00,L01901,Canadian Border,Madawaska,,pasajeros,general,no delay,0,1,At Midnight EDT,Open,norte
2026-08-20T05:06:33+00:00,L01901,Canadian Border,Madawaska,,carga,general,no delay,0,1,At Midnight EDT,Open,norte
2026-08-20T05:06:33+00:00,070401,Canadian Border,Massena,,pasajeros,general,Update Pending,,,,Open,norte
2026-08-20T05:06:33+00:00,070401,Canadian Border,Massena,,pasajeros,sentri,Update Pending,,,,Open,norte
2026-08-20T05:06:33+00:00,070401,Canadian Border,Massena,,pasajeros,ready,Update Pending,,,,Open,norte
2026-08-20T05:06:33+00:00,070401,Canadian Border,Massena,,peatones,general,Update Pending,,,,Open,norte
2026-08-20T05:06:33+00:00,070401,Canadian Border,Massena,,peatones,ready,Update Pending,,,,Open,norte
2026-08-20T05:06:33+00:00,070401,Canadian Border,Massena,,carga,general,Update Pending,,,,Open,norte
2026-08-20T05:06:33+00:00,070401,Canadian Border,Massena,,carga,fast,Update Pending,,,,Open,norte
2026-08-20T05:06:33+00:00,021101,Canadian Border,Norton,,pasajeros,general,no delay,0,1,At 8:00 am EDT,Open,norte
2026-08-20T05:06:33+00:00,021101,Canadian Border,Norton,,carga,general,no delay,0,1,At 8:00 am EDT,Open,norte
2026-08-20T05:06:33+00:00,070101,Canadian Border,Ogdensburg,,pasajeros,general,Update Pending,,,,Open,norte
2026-08-20T05:06:33+00:00,070101,Canadian Border,Ogdensburg,,pasajeros,sentri,Update Pending,,,,Open,norte
2026-08-20T05:06:33+00:00,070101,Canadian Border,Ogdensburg,,pasajeros,ready,Update Pending,,,,Open,norte
2026-08-20T05:06:33+00:00,070101,Canadian Border,Ogdensburg,,peatones,general,Update Pending,,,,Open,norte
2026-08-20T05:06:33+00:00,070101,Canadian Border,Ogdensburg,,peatones,ready,Update Pending,,,,Open,norte
2026-08-20T05:06:33+00:00,070101,Canadian Border,Ogdensburg,,carga,general,Update Pending,,,,Open,norte
2026-08-20T05:06:33+00:00,070101,Canadian Border,Ogdensburg,,carga,fast,Update Pending,,,,Open,norte
2026-08-20T05:06:33+00:00,380201,Canadian Border,Port Huron,Bluewater Bridge,pasajeros,general,Update Pending,,,,Open,norte
2026-08-20T05:06:33+00:00,380201,Canadian Border,Port Huron,Bluewater Bridge,pasajeros,sentri,Update Pending,,,,Open,norte
2026-08-20T05:06:33+00:00,380201,Canadian Border,Port Huron,Bluewater Bridge,pasajeros,ready,Update Pending,,,,Open,norte
2026-08-20T05:06:33+00:00,380201,Canadian Border,Port Huron,Bluewater Bridge,peatones,general,Update Pending,,,,Open,norte
2026-08-20T05:06:33+00:00,380201,Canadian Border,Port Huron,Bluewater Bridge,peatones,ready,Update Pending,,,,Open,norte
2026-08-20T05:06:33+00:00,380201,Canadian Border,Port Huron,Bluewater Bridge,carga,general,Update Pending,,,,Open,norte
2026-08-20T05:06:33+00:00,380201,Canadian Border,Port Huron,Bluewater Bridge,carga,fast,Update Pending,,,,Open,norte
2026-08-20T05:06:33+00:00,380301,Canadian Border,Sault Ste. Marie,International Bridge - SSM,pasajeros,general,Update Pending,,,,Open,norte
2026-08-20T05:06:33+00:00,380301,Canadian Border,Sault Ste. Marie,International Bridge - SSM,pasajeros,sentri,Update Pending,,,,Open,norte
2026-08-20T05:06:33+00:00,380301,Canadian Border,Sault Ste. Marie,International Bridge - SSM,pasajeros,ready,Update Pending,,,,Open,norte
2026-08-20T05:06:33+00:00,380301,Canadian Border,Sault Ste. Marie,International Bridge - SSM,peatones,general,Update Pending,,,,Open,norte
2026-08-20T05:06:33+00:00,380301,Canadian Border,Sault Ste. Marie,International Bridge - SSM,peatones,ready,Update Pending,,,,Open,norte
2026-08-20T05:06:33+00:00,380301,Canadian Border,Sault Ste. Marie,International Bridge - SSM,carga,general,Update Pending,,,,Open,norte
2026-08-20T05:06:33+00:00,380301,Canadian Border,Sault Ste. Marie,International Bridge - SSM,carga,fast,Update Pending,,,,Open,norte
2026-08-20T05:06:33+00:00,300901,Canadian Border,Sumas,,pasajeros,general,no delay,0,1,At 11:00 pm PDT,Open,norte
2026-08-20T05:06:33+00:00,300901,Canadian Border,Sumas,,carga,general,no delay,0,1,At 11:00 pm PDT,Open,norte
2026-08-20T05:06:33+00:00,250201,Mexican Border,Andrade,,pasajeros,general,delay,60,1,At 9:00 pm PDT,Open,norte
2026-08-20T05:06:33+00:00,250201,Mexican Border,Andrade,,peatones,general,no delay,0,1,At 9:00 pm PDT,Open,norte
2026-08-20T05:06:33+00:00,535501,Mexican Border,Brownsville,B&M,pasajeros,general,no delay,5,4,At 11:00 pm CDT,Open,norte
2026-08-20T05:06:33+00:00,535501,Mexican Border,Brownsville,B&M,peatones,general,no delay,0,1,At 11:00 pm CDT,Open,norte
2026-08-20T05:06:33+00:00,535504,Mexican Border,Brownsville,Gateway,pasajeros,general,no delay,5,2,At 11:00 pm CDT,Open,norte
2026-08-20T05:06:33+00:00,535504,Mexican Border,Brownsville,Gateway,peatones,general,no delay,5,2,At 11:00 pm CDT,Open,norte
2026-08-20T05:06:33+00:00,535502,Mexican Border,Brownsville,Veterans International,pasajeros,general,no delay,5,3,At 11:00 pm CDT,Open,norte
2026-08-20T05:06:33+00:00,535502,Mexican Border,Brownsville,Veterans International,pasajeros,sentri,no delay,0,1,At 11:00 pm CDT,Open,norte
2026-08-20T05:06:33+00:00,535502,Mexican Border,Brownsville,Veterans International,peatones,general,no delay,0,1,At 11:00 pm CDT,Open,norte
2026-08-20T05:06:33+00:00,535502,Mexican Border,Brownsville,Veterans International,carga,general,no delay,0,2,At 11:00 pm CDT,Open,norte
2026-08-20T05:06:33+00:00,250302,Mexican Border,Calexico,West,pasajeros,general,delay,80,2,At 9:00 pm PDT,Open,norte
2026-08-20T05:06:33+00:00,250302,Mexican Border,Calexico,West,pasajeros,sentri,no delay,5,4,At 9:00 pm PDT,Open,norte
2026-08-20T05:06:33+00:00,250302,Mexican Border,Calexico,West,pasajeros,ready,delay,80,3,At 9:00 pm PDT,Open,norte
2026-08-20T05:06:33+00:00,250302,Mexican Border,Calexico,West,peatones,general,no delay,5,3,At 9:00 pm PDT,Open,norte
2026-08-20T05:06:33+00:00,250302,Mexican Border,Calexico,West,peatones,ready,no delay,5,3,At 9:00 pm PDT,Open,norte
2026-08-20T05:06:33+00:00,240601,Mexican Border,Columbus,,pasajeros,general,no delay,5,1,At 11:00 pm MDT,Open,norte
2026-08-20T05:06:33+00:00,240601,Mexican Border,Columbus,,peatones,general,no delay,0,1,At 11:00 pm MDT,Open,norte
2026-08-20T05:06:33+00:00,230201,Mexican Border,Del Rio,,pasajeros,general,no delay,0,1,At 11:00 pm CDT,Open,norte
2026-08-20T05:06:33+00:00,230201,Mexican Border,Del Rio,,pasajeros,sentri,Lanes Closed,,,,Open,norte
2026-08-20T05:06:33+00:00,230201,Mexican Border,Del Rio,,pasajeros,ready,no delay,0,1,At 11:00 pm CDT,Open,norte
2026-08-20T05:06:33+00:00,230201,Mexican Border,Del Rio,,carga,general,Lanes Closed,,,,Open,norte
2026-08-20T05:06:33+00:00,260101,Mexican Border,Douglas (Raul Hector Castro),,pasajeros,general,delay,60,3,At 10:00 pm PST,Open,norte
2026-08-20T05:06:33+00:00,260101,Mexican Border,Douglas (Raul Hector Castro),,pasajeros,sentri,Lanes Closed,,,,Open,norte
2026-08-20T05:06:33+00:00,260101,Mexican Border,Douglas (Raul Hector Castro),,peatones,general,no delay,3,2,At 10:00 pm PST,Open,norte
2026-08-20T05:06:33+00:00,230302,Mexican Border,Eagle Pass,Bridge II,pasajeros,general,no delay,5,2,At 11:00 pm CDT,Open,norte
2026-08-20T05:06:33+00:00,230302,Mexican Border,Eagle Pass,Bridge II,pasajeros,sentri,no delay,1,1,At 11:00 pm CDT,Open,norte
2026-08-20T05:06:33+00:00,230302,Mexican Border,Eagle Pass,Bridge II,carga,general,Lanes Closed,,,,Open,norte
2026-08-20T05:06:33+00:00,240201,Mexican Border,El Paso,Bridge of the Americas (BOTA),pasajeros,general,delay,24,2,At 11:00 pm MDT,Open,norte
2026-08-20T05:06:33+00:00,240201,Mexican Border,El Paso,Bridge of the Americas (BOTA),pasajeros,ready,delay,24,3,At 11:00 pm MDT,Open,norte
2026-08-20T05:06:33+00:00,240201,Mexican Border,El Paso,Bridge of the Americas (BOTA),peatones,general,Lanes Closed,,,,Open,norte
2026-08-20T05:06:33+00:00,240201,Mexican Border,El Paso,Bridge of the Americas (BOTA),peatones,ready,no delay,2,1,At 11:00 pm MDT,Open,norte
2026-08-20T05:06:33+00:00,240202,Mexican Border,El Paso,Paso Del Norte (PDN),pasajeros,general,Lanes Closed,,,,Open,norte
2026-08-20T05:06:33+00:00,240202,Mexican Border,El Paso,Paso Del Norte (PDN),pasajeros,sentri,no delay,1,1,At 10:00 pm MDT,Open,norte
2026-08-20T05:06:33+00:00,240202,Mexican Border,El Paso,Paso Del Norte (PDN),pasajeros,ready,delay,38,3,At 10:00 pm MDT,Open,norte
2026-08-20T05:06:33+00:00,240202,Mexican Border,El Paso,Paso Del Norte (PDN),peatones,general,no delay,1,1,At 10:00 pm MDT,Open,norte
2026-08-20T05:06:33+00:00,240202,Mexican Border,El Paso,Paso Del Norte (PDN),peatones,ready,no delay,1,1,At 10:00 pm MDT,Open,norte
2026-08-20T05:06:33+00:00,240204,Mexican Border,El Paso,Stanton DCL,pasajeros,sentri,no delay,1,1,At 10:00 pm MDT,Open,norte
2026-08-20T05:06:33+00:00,240203,Mexican Border,El Paso,Ysleta,pasajeros,sentri,delay,10,1,At 10:00 pm MDT,Open,norte
2026-08-20T05:06:33+00:00,240203,Mexican Border,El Paso,Ysleta,pasajeros,ready,delay,25,2,At 10:00 pm MDT,Open,norte
2026-08-20T05:06:33+00:00,240203,Mexican Border,El Paso,Ysleta,peatones,general,no delay,1,2,At 10:00 pm MDT,Open,norte
2026-08-20T05:06:33+00:00,240203,Mexican Border,El Paso,Ysleta,carga,general,delay,20,2,At 10:00 pm MDT,Open,norte
2026-08-20T05:06:33+00:00,240203,Mexican Border,El Paso,Ysleta,carga,fast,delay,10,1,At 10:00 pm MDT,Open,norte
2026-08-20T05:06:33+00:00,230401,Mexican Border,Laredo,Bridge I,pasajeros,sentri,no delay,0,3,At 11:00 pm CDT,Open,norte
2026-08-20T05:06:33+00:00,230401,Mexican Border,Laredo,Bridge I,peatones,general,no delay,0,1,At 11:00 pm CDT,Open,norte
2026-08-20T05:06:33+00:00,230401,Mexican Border,Laredo,Bridge I,peatones,ready,no delay,0,2,At 11:00 pm CDT,Open,norte
2026-08-20T05:06:33+00:00,230402,Mexican Border,Laredo,Bridge II,pasajeros,general,no delay,0,5,At 11:00 pm CDT,Open,norte
2026-08-20T05:06:33+00:00,230402,Mexican Border,Laredo,Bridge II,pasajeros,ready,no delay,0,6,At 11:00 pm CDT,Open,norte
2026-08-20T05:06:33+00:00,230403,Mexican Border,Laredo,Colombia Solidarity,pasajeros,general,no delay,0,2,At 11:00 pm CDT,Open,norte
2026-08-20T05:06:33+00:00,230403,Mexican Border,Laredo,Colombia Solidarity,pasajeros,sentri,no delay,0,1,At 11:00 pm CDT,Open,norte
2026-08-20T05:06:33+00:00,230403,Mexican Border,Laredo,Colombia Solidarity,carga,general,no delay,0,3,At 11:00 pm CDT,Open,norte
2026-08-20T05:06:33+00:00,230403,Mexican Border,Laredo,Colombia Solidarity,carga,fast,no delay,0,2,At 11:00 pm CDT,Open,norte
2026-08-20T05:06:33+00:00,230404,Mexican Border,Laredo,World Trade Bridge,carga,general,no delay,0,13,At 11:00 pm CDT,Open,norte
2026-08-20T05:06:33+00:00,230404,Mexican Border,Laredo,World Trade Bridge,carga,fast,no delay,0,4,At 11:00 pm CDT,Open,norte
2026-08-20T05:06:33+00:00,260301,Mexican Border,Naco,,pasajeros,general,no delay,1,1,At 9:00 pm PST,Open,norte
2026-08-20T05:06:33+00:00,260301,Mexican Border,Naco,,peatones,general,no delay,1,1,At 9:00 pm PST,Open,norte
2026-08-20T05:06:33+00:00,260401,Mexican Border,Nogales,Deconcini,pasajeros,general,no delay,0,3,At 10:00 pm MST,Open,norte
2026-08-20T05:06:33+00:00,260401,Mexican Border,Nogales,Deconcini,pasajeros,sentri,Lanes Closed,,,,Open,norte
2026-08-20T05:06:33+00:00,260401,Mexican Border,Nogales,Deconcini,peatones,general,no delay,0,1,At 10:00 pm MST,Open,norte
2026-08-20T05:06:33+00:00,260402,Mexican Border,Nogales,Mariposa,pasajeros,general,delay,30,5,At 9:00 pm MST,Open,norte
2026-08-20T05:06:33+00:00,260402,Mexican Border,Nogales,Mariposa,peatones,general,no delay,0,2,At 9:00 pm MST,Open,norte
2026-08-20T05:06:33+00:00,250602,Mexican Border,Otay Mesa,Commercial,carga,general,no delay,5,8,At 8:00 pm PDT,Open,norte
2026-08-20T05:06:33+00:00,250601,Mexican Border,Otay Mesa,Passenger,pasajeros,general,delay,20,1,At 10:00 pm PDT,Open,norte
2026-08-20T05:06:33+00:00,250601,Mexican Border,Otay Mesa,Passenger,pasajeros,sentri,Lanes Closed,,,,Open,norte
2026-08-20T05:06:33+00:00,250601,Mexican Border,Otay Mesa,Passenger,pasajeros,ready,delay,20,2,At 10:00 pm PDT,Open,norte
2026-08-20T05:06:33+00:00,250601,Mexican Border,Otay Mesa,Passenger,peatones,general,no delay,0,3,At 10:00 pm PDT,Open,norte
2026-08-20T05:06:33+00:00,240301,Mexican Border,Presidio,PRESIDIO PORT OF ENTRY,pasajeros,general,no delay,5,1,At 11:00 pm CDT,Open,norte
2026-08-20T05:06:33+00:00,240301,Mexican Border,Presidio,PRESIDIO PORT OF ENTRY,peatones,general,no delay,0,1,At 11:00 pm CDT,Open,norte
2026-08-20T05:06:33+00:00,230901,Mexican Border,Progreso,Progreso International Bridge,pasajeros,general,delay,10,1,At 11:00 pm CDT,Open,norte
2026-08-20T05:06:33+00:00,230901,Mexican Border,Progreso,Progreso International Bridge,peatones,general,no delay,2,1,At 11:00 pm CDT,Open,norte
2026-08-20T05:06:33+00:00,250401,Mexican Border,San Ysidro,,pasajeros,general,delay,45,3,At 10:00 pm PDT,Open,norte
2026-08-20T05:06:33+00:00,250401,Mexican Border,San Ysidro,,pasajeros,sentri,delay,10,4,At 10:00 pm PDT,Open,norte
2026-08-20T05:06:33+00:00,250401,Mexican Border,San Ysidro,,pasajeros,ready,delay,30,11,At 10:00 pm PDT,Open,norte
2026-08-20T05:06:33+00:00,250401,Mexican Border,San Ysidro,,peatones,general,delay,10,13,At 10:00 pm PDT,Open,norte
2026-08-20T05:06:33+00:00,250401,Mexican Border,San Ysidro,,peatones,ready,no delay,5,1,At 10:00 pm PDT,Open,norte
2026-08-20T05:06:33+00:00,250501,Mexican Border,Tecate,,pasajeros,general,delay,60,2,At 9:00 pm PDT,Open,norte
2026-08-20T05:06:33+00:00,250501,Mexican Border,Tecate,,peatones,general,no delay,5,3,At 9:00 pm PDT,Open,norte
2026-08-20T05:06:33+00:00,SB-SY-I5,Mexican Border,San Ysidro sur (I-5),San Ysidro sur (I-5),pasajeros,general,ok,0,,08/19/2026 10:05pm,,sur
2026-08-20T05:06:33+00:00,SB-SY-I5,Mexican Border,San Ysidro sur (I-5),San Ysidro sur (I-5),pasajeros,pron15,ok,0,,08/19/2026 10:05pm,,sur
2026-08-20T05:06:33+00:00,SB-SY-I5,Mexican Border,San Ysidro sur (I-5),San Ysidro sur (I-5),pasajeros,pron30,ok,0,,08/19/2026 10:05pm,,sur
2026-08-20T05:06:33+00:00,SB-OM-905,Mexican Border,Otay Mesa sur (SR-905),Otay Mesa sur (SR-905),pasajeros,general,ok,0,,08/19/2026 10:05pm,,sur
2026-08-20T05:06:33+00:00,SB-OM-905,Mexican Border,Otay Mesa sur (SR-905),Otay Mesa sur (SR-905),pasajeros,pron15,ok,0,,08/19/2026 10:05pm,,sur
2026-08-20T05:06:33+00:00,SB-OM-905,Mexican Border,Otay Mesa sur (SR-905),Otay Mesa sur (SR-905),pasajeros,pron30,ok,0,,08/19/2026 10:05pm,,sur
